,frame,time,goal,shot,is_orange,distanceToGoal,ball_pos_x,ball_pos_y,ball_pos_z,ball_vel_x,ball_vel_y,ball_vel_z,ball_ang_vel_x,ball_ang_vel_y,ball_ang_vel_z,ball_hit_team_no,ball_rot_x,ball_rot_y,ball_rot_z,shot_taker_id,shot_taker_name,shot_taker_ping,shot_taker_pos_x,shot_taker_pos_y,shot_taker_pos_z,shot_taker_vel_x,shot_taker_vel_y,shot_taker_vel_z,shot_taker_ang_vel_x,shot_taker_ang_vel_y,shot_taker_ang_vel_z,shot_taker_throttle,shot_taker_steer,shot_taker_handbrake,shot_taker_rot_x,shot_taker_rot_y,shot_taker_rot_z,shot_taker_ball_cam,shot_taker_boost,shot_taker_boost_active,shot_taker_jump_active,shot_taker_dodge_active,shot_taker_double_jump_active,shot_taker_boost_collect,team_mate_id,team_mate_name,team_mate_ping,team_mate_pos_x,team_mate_pos_y,team_mate_pos_z,team_mate_vel_x,team_mate_vel_y,team_mate_vel_z,team_mate_ang_vel_x,team_mate_ang_vel_y,team_mate_ang_vel_z,team_mate_throttle,team_mate_steer,team_mate_handbrake,team_mate_rot_x,team_mate_rot_y,team_mate_rot_z,team_mate_ball_cam,team_mate_boost,team_mate_boost_active,team_mate_jump_active,team_mate_double_jump_active,team_mate_dodge_active,team_mate_boost_collect,opp_1_name,opp_1_id,opp_1_ping,opp_1_pos_x,opp_1_pos_y,opp_1_pos_z,opp_1_vel_x,opp_1_vel_y,opp_1_vel_z,opp_1_ang_vel_x,opp_1_ang_vel_y,opp_1_ang_vel_z,opp_1_throttle,opp_1_steer,opp_1_handbrake,opp_1_rot_x,opp_1_rot_y,opp_1_rot_z,opp_1_ball_cam,opp_1_boost,opp_1_boost_active,opp_1_dodge_active,opp_1_jump_active,opp_1_double_jump_active,opp_1_boost_collect,opp_2_name,opp_2_id,opp_2_ping,opp_2_pos_x,opp_2_pos_y,opp_2_pos_z,opp_2_vel_x,opp_2_vel_y,opp_2_vel_z,opp_2_ang_vel_x,opp_2_ang_vel_y,opp_2_ang_vel_z,opp_2_throttle,opp_2_steer,opp_2_handbrake,opp_2_rot_x,opp_2_rot_y,opp_2_rot_z,opp_2_ball_cam,opp_2_dodge_active,opp_2_double_jump_active,opp_2_jump_active,opp_2_boost,opp_2_boost_active,opp_2_boost_collect
0,178,0,False,True,0,5175.8904155224955,-1.440000057220459,42.0,97.18000030517578,-1522.7999877929688,28645.6005859375,3413.3999633789062,5998.599853515625,56.99999809265137,-114.70000267028809,0.0,0.0011780496851734013,-0.0020472216930413996,0.11090308826034975,bf81d8692db,games5425898691,19.0,14.359999656677246,-132.5399932861328,93.04000091552734,-255.10000228881836,20076.8994140625,2094.4000244140625,-5341.9000244140625,-651.5000152587891,1135.199966430664,128.0,135.0,,0.8195913943848729,1.5971653555952943,-0.028361195600402445,True,22.0,False,4,3,False,,76561198039309853,enpitsu,24.0,0.0,-2521.1201171875,17.049999237060547,0.0,9547.60009765625,2.5999999046325684,0.5000000074505806,0.0,0.0,255.0,,,0.0167315166346791,1.570774732469808,-2.398246531218863e-07,True,116.0,False,False,False,False,,NoName,76561198970226147,5,0.0,978.510009765625,144.30999755859375,0.0,-21943.20068359375,-635.6999969482422,385.09998321533203,0.0,0.0,255.0,,,-0.24426773998675858,-1.57078445763,-1.68239279651635e-05,True,36.34077411569575,True,False,4,False,,RaptorD_,bd3208e58fb,,-256.0,3840.0,17.010000228881836,0.0,0.0,2.0999999344348907,0.5999999865889549,0.0,0.0,,,,0.009544408615608195,-1.570788551888575,3.701008606201032e-08,True,False,False,False,85.0,False,
1,181,0,False,False,1,5575.546688194287,27.510000228881836,-367.489990234375,125.38999938964844,5411.9000244140625,17595.400390625,-4486.300048828125,-4626.199951171875,384.70001220703125,2651.6000366210938,1.0,-0.006572668694663861,-0.033839977035760326,0.9377221798017651,76561198970226147,NoName,5.0,-0.0,-599.7999877929688,128.05999755859375,-0.0,22965.90087890625,-1251.2000274658203,-54.60000038146973,-0.0,0.0,255.0,,,0.25986389674138977,1.5708281513044178,-1.1234924805436859e-05,True,26.873118503119365,True,4,False,False,,bd3208e58fb,RaptorD_,,256.0,-3840.0,17.010000228881836,-0.0,-0.0,2.0999999344348907,-0.5999999865889549,-0.0,0.0,,,,-0.009544408615608195,1.570788551888575,3.701008606201032e-08,True,85.0,False,False,False,False,,enpitsu,76561198039309853,24,-0.0,2370.909912109375,17.049999237060547,-0.0,-10409.3994140625,2.5999999046325684,-0.3999999910593033,-0.0,0.0,255.0,255.0,,-0.0167315166346791,-1.570774732469808,-2.398246531218863e-07,True,116.0,False,False,False,False,,games5425898691,bf81d8692db,19.0,-12.680000305175781,-1.2999999523162842,102.91999816894531,255.10000228881836,-20076.8994140625,388.4000015258789,5480.999755859375,456.3999938964844,16.49999976158142,128.0,136.0,,-1.2989875976996446,-1.5646771285466086,-0.09514215099112334,True,3,False,4,22.0,False,
2,182,0,False,False,0,4875.664305609268,-46.959999084472656,338.8299865722656,107.80000305175781,-11912.5,19727.5,-7290.999755859375,-2113.000030517578,-320.29998779296875,5606.400146484375,0.0,-0.011236069316705536,0.15928338214404394,1.0299431711592308,bf81d8692db,games5425898691,19.0,10.369999885559082,185.3300018310547,102.3499984741211,-255.10000228881836,20076.8994140625,-149.89999771118164,-5477.0001220703125,-497.40001678466797,-69.29999828338623,128.0,137.0,,1.1773952103291692,-1.4182848468223037,-3.079986610946287,True,22.0,False,4,3,False,,76561198039309853,enpitsu,24.0,0.0,-2370.909912109375,17.049999237060547,0.0,10409.3994140625,2.5999999046325684,0.3999999910593033,0.0,0.0,255.0,255.0,,0.0167315166346791,1.570774732469808,-2.398246531218863e-07,True,116.0,False,False,False,False,,NoName,76561198970226147,5,0.0,599.7999877929688,128.05999755859375,0.0,-22965.90087890625,-1251.2000274658203,54.60000038146973,0.0,0.0,255.0,,,-0.25986389674138977,-1.5708281513044178,-1.1234924805436859e-05,True,23.809195895348836,True,False,4,False,,RaptorD_,bd3208e58fb,,-256.0,3840.0,17.010000228881836,0.0,0.0,2.0999999344348907,0.5999999865889549,0.0,0.0,,,,0.009544408615608195,-1.570788551888575,3.701008606201032e-08,True,False,False,False,85.0,False,
3,184,0,False,False,1,5579.338823629557,129.6699981689453,-386.4599914550781,95.26000213623047,29196.8994140625,-4139.5001220703125,-1713.5000610351562,-3380.5999755859375,-1417.2999572753906,-4749.89990234375,1.0,0.0826551322649681,-0.050353181998331144,1.2534636444059375,76561198970226147,NoName,5.0,1.059999942779541,-463.07000732421875,120.33000183105469,281.3999938964844,10377.39990234375,-549.5000076293945,4301.9000244140625,-677.6999664306641,-3359.1000366210938,255.0,,,0.6272405334415614,1.9203500969209575,-0.08285806886433893,True,22.0,False,4,False,False,,bd3208e58fb,RaptorD_,,256.0,-3840.0,17.010000228881836,-0.0,-0.0,2.0999999344348907,-0.5999999865889549,-0.0,0.0,,,,-0.009544408615608195,1.570788551888575,3.701008606201032e-08,True,85.0,False,False,False,False,,enpitsu,76561198039309853,24,-0.0,2273.1298828125,17.049999237060547,-0.0,-10874.000244140625,2.5999999046325684,-0.29999999329447746,-0.0,0.0,255.0,255.0,,-0.0167315166346791,-1.570774732469808,-2.398246531218863e-07,True,116.0,False,False,False,False,,games5425898691,bf81d8692db,19.0,-10.369999885559082,-185.3300018310547,102.3499984741211,255.10000228881836,-20076.8994140625,-149.89999771118164,5477.0001220703125,497.40001678466797,-69.29999828338623,128.0,137.0,,-1.1773952103291692,1.4182848468223037,-3.079986610946287,True,3,False,4,22.0,False,
4,326,5,False,False,0,4730.0596446082445,-3900.340087890625,1486.5899658203125,535.5999755859375,-4880.0,21936.8994140625,-5781.500244140625,-4539.700012207031,-3215.5999755859375,-2247.2000122070312,0.0,-0.46137067745615057,-1.0102436945551596,-0.3441279104633793,bf81d8692db,games5425898691,19.0,-3837.179931640625,1271.719970703125,478.2699890136719,-5209.4000244140625,9592.000122070312,5642.1002197265625,-4742.60009765625,90.69999694824219,-2783.699951171875,255.0,155.0,,-0.6741029998187559,1.8355748737405624,-0.599239058462426,True,179.81731599377042,True,8,7,False,,76561198039309853,enpitsu,25.0,-2746.179931640625,-2512.3701171875,90.12000274658203,2005.8000183105469,17376.600341796875,2119.600067138672,-4984.2999267578125,-2260.7000732421875,543.3000183105469,255.0,128.0,,0.5671335662306736,1.034890052007754,-0.5688244149991413,True,255.0,False,2,False,1,,NoName,76561198970226147,6,3814.969970703125,1343.93994140625,17.010000228881836,-5110.7000732421875,16461.500244140625,-139.89999771118164,-47.60000228881836,701.1000061035156,368.80001068115234,255.0,128.0,,0.020333307310821332,1.912459632861924,-0.012890933989326423,True,233.09307517543914,True,False,4,False,,RaptorD_,bd3208e58fb,,-256.0,3840.0,17.010000228881836,0.0,-0.09999999776482582,2.0999999344348907,0.5999999865889549,0.0,0.0,,128.0,,0.009544408615608195,-1.570788551888575,3.701008606201032e-08,True,False,False,False,85.0,False,
5,424,8,False,False,1,10204.650500462049,2156.590087890625,-4986.490234375,110.36000061035156,24150.50048828125,3657.9998779296875,8401.300048828125,-1163.7000274658203,-5477.19970703125,2155.2000427246094,1.0,1.2717403657332214,1.0967556603524014,0.6764206582155248,bd3208e58fb,RaptorD_,60.0,1976.8199462890625,-4989.60009765625,22.799999237060547,18272.39990234375,-4764.5001220703125,1043.0999755859375,-3255.5999755859375,452.09999084472656,1430.5000305175781,255.0,171.0,,0.053125388372140335,-2.91499812700763,-0.1598432133624258,True,0.0,False,False,False,False,,76561198970226147,NoName,6.0,472.5299987792969,-4604.93017578125,17.010000228881836,10978.699951171875,-4402.60009765625,2.0999999344348907,-1.5999999642372131,0.5999999865889549,542.599983215332,128.0,128.0,,-0.00965013071733843,-2.808019538780576,-0.0001639200260411137,True,255.0,False,4,False,False,,enpitsu,76561198039309853,25,2119.340087890625,-515.969970703125,17.030000686645508,1169.1000366210938,6396.9000244140625,5.099999904632568,-0.5999999865889549,0.09999999776482582,0.0,0.0,128.0,,-0.016753923028068336,-1.389983702690294,-1.9681335199475283e-06,True,255.0,False,2,2,False,,games5425898691,bf81d8692db,19.0,2913.639892578125,-1448.3199462890625,17.010000228881836,-6174.5001220703125,-8103.699951171875,2.5,0.09999999776482582,-0.0,2229.600067138672,128.0,255.0,,-0.009636154671592054,-0.973815446644596,4.569434941310351e-06,True,8,False,8,163.0,False,
6,468,10,False,False,0,3556.613369931595,-3821.699951171875,3117.679931640625,272.0799865722656,-22434.599609375,15817.19970703125,-4307.0001220703125,132.39999771118164,-608.3000183105469,5967.60009765625,0.0,0.7715260816061567,-0.561447419188595,0.09410582593398917,bf81d8692db,games5425898691,19.0,-3684.5400390625,2939.389892578125,250.24000549316406,-6369.000244140625,17120.2001953125,3072.0999145507812,-4140.400085449219,1344.6000671386719,3361.300048828125,255.0,0.0,,-0.5093085025662857,2.2885640439189356,0.5845482194848584,True,112.917608371345,True,10,9,False,,76561198039309853,enpitsu,24.0,-2284.889892578125,-609.1699829101562,17.030000686645508,-31.099998950958252,2560.7000732421875,5.0,-0.5999999865889549,0.0,0.0,255.0,128.0,,0.016518231750380415,1.5830658319480557,-5.538250081825557e-06,True,255.0,False,2,False,2,,NoName,76561198970226147,6,-1438.6500244140625,4284.490234375,17.010000228881836,-1909.9000549316406,-993.7000274658203,2.3000000417232513,-0.19999999552965164,-0.09999999776482582,-1123.7999725341797,128.0,0.0,,0.00962518797455365,-2.549520897120115,8.42022767251437e-06,True,255.0,False,False,4,False,,RaptorD_,bd3208e58fb,18.0,-3598.14990234375,3298.469970703125,163.85000610351562,-15332.5,-10831.500244140625,3030.7000732421875,-4471.9000244140625,-2872.6998901367188,1413.800048828125,255.0,0.0,,-0.39085532857887967,-2.5707477121125017,1.2939000068212907,True,3,False,4,204.917608371345,True,
7,507,12,False,False,1,10122.910437011515,2310.27001953125,-4883.6298828125,157.99000549316406,14203.299560546875,-16067.099609375,8097.2998046875,1250.8999633789062,-5868.0999755859375,-11.399999856948853,1.0,-1.0269191808661988,1.6972543456187883,-2.937545533416533,76561198970226147,NoName,6.0,2126.179931640625,-4779.02001953125,88.48999786376953,10360.50048828125,-13000.0,2349.4000244140625,4449.599914550781,3232.60009765625,-21.700000762939453,255.0,128.0,,-0.716056905869761,-2.195670610671876,-0.0026493856339240293,True,230.0,False,6,3,False,,bd3208e58fb,RaptorD_,18.0,4079.050048828125,-2965.820068359375,342.8299865722656,-15.90000033378601,495.99998474121094,3673.3999633789062,-2000.5000305175781,16.200000047683716,-30.0,255.0,255.0,,1.5206634304629454,1.7440105088317477,-1.395978396491745,True,193.0,False,4,False,4,,enpitsu,76561198039309853,25,1997.800048828125,-761.6300048828125,17.030000686645508,-5577.7001953125,-16562.19970703125,0.7999999821186066,0.5000000074505806,0.29999999329447746,0.0,255.0,128.0,,-0.016744584765832283,-1.2459431974112016,3.930987684633422e-05,True,184.0,False,2,2,False,,games5425898691,bf81d8692db,20.0,3624.860107421875,-2666.949951171875,1020.739990234375,-3380.10009765625,3891.4999389648438,2144.1000366210938,1485.0,-1247.300033569336,-2428.3999633789062,255.0,128.0,,-0.5797173938867495,0.019286772432510677,0.49772128656578524,True,10,False,10,97.0,False,
8,554,13,False,False,1,9192.410759878323,3984.4599609375,-3518.050048828125,287.6000061035156,-5775.5999755859375,7770.3997802734375,-4162.9998779296875,1597.2999572753906,-2647.3001098632812,-5141.9000244140625,1.0,-0.2558941549734748,-1.2162449515155187,-2.1838405046953024,bd3208e58fb,RaptorD_,18.0,4078.81005859375,-3570.639892578125,474.6099853515625,-70.9000015258789,-7905.0,-12525.400390625,2058.000030517578,71.39999866485596,-360.60001373291016,255.0,0.0,,-1.04478902384157,-1.5762273904854749,1.5824613460423411,True,151.53430542125497,True,4,4,False,,76561198970226147,NoName,6.0,3102.840087890625,-4769.330078125,52.31999969482422,1069.4999694824219,8271.400146484375,-2953.900146484375,1080.8000183105469,2523.8999938964844,2190.0,255.0,217.0,,-0.348919603787343,1.6496048821721088,-0.4268421751803876,True,230.0,False,6,False,4,,enpitsu,76561198039309853,24,2722.64990234375,-1778.2099609375,17.040000915527344,3117.5,12139.49951171875,4.600000083446503,-0.0,-0.0,2348.2000732421875,255.0,255.0,False,-0.016722340550446555,1.7592253879065105,6.232590895968758e-06,True,215.0,False,2,2,False,,games5425898691,bf81d8692db,20.0,3040.919921875,-1995.760009765625,463.45001220703125,-3389.5999145507812,4129.200134277344,-8783.900146484375,3563.0999755859375,-609.0999984741211,-1773.800048828125,255.0,119.0,,0.7919784424449294,2.260745175337673,-0.6464641407497306,True,10,False,10,97.0,False,
9,593,15,False,False,1,8211.682546100265,3294.739990234375,-2713.52001953125,148.44000244140625,12840.50048828125,7022.19970703125,2958.9999389648438,-3906.6000366210938,-4454.700012207031,-945.1000213623047,1.0,-1.0914329789224504,1.309455040400361,-2.869607133039376,bd3208e58fb,RaptorD_,14.0,3097.14990234375,-2796.840087890625,68.52999877929688,7607.7001953125,6481.6998291015625,3158.699951171875,979.8999786376953,1910.7000732421875,-2994.8001098632812,128.0,0.0,,-0.010748079589434627,2.07021570053914,0.016888389839893807,True,136.0,False,6,5,False,,76561198970226147,NoName,6.0,3103.080078125,-3033.469970703125,48.84000015258789,4156.9000244140625,13470.50048828125,3292.9000854492188,-492.99999237060547,160.9000015258789,-347.00000762939453,255.0,77.0,,-0.02252334434715452,1.899471274255931,0.00010856531105291276,True,203.0,False,8,False,4,,enpitsu,76561198039309853,25,1963.1300048828125,-259.3399963378906,17.040000915527344,2436.1000061035156,12651.600341796875,4.399999976158142,-0.0,-1.0999999940395355,-1856.4999389648438,255.0,0.0,False,-0.016729050895785108,1.7869507409139473,-0.000149730475514545,True,215.0,False,2,2,False,,games5425898691,bf81d8692db,20.0,3160.14990234375,-2528.97998046875,91.19000244140625,4917.099914550781,-15471.600341796875,405.6999969482422,5206.6998291015625,1767.8999328613281,119.49999809265137,255.0,214.0,,-1.2275398554140462,-1.9590650607504758,0.03900464317812959,True,11,False,12,46.0,False,
10,608,15,False,False,1,8077.718753087245,3993.3798828125,-2320.280029296875,213.85000610351562,-7127.1002197265625,5410.0,2223.8999938964844,-4217.200012207031,440.49999237060547,-4245.10009765625,1.0,1.4077121654197298,-2.3263422895288466,0.9478612470033425,bd3208e58fb,RaptorD_,14.0,3950.77001953125,-2062.969970703125,99.41999816894531,12188.499755859375,13234.49951171875,4087.0001220703125,4401.199951171875,2154.4000244140625,2497.5,255.0,19.0,,0.033499709826689386,2.3281412444394696,-1.5504418122736483,True,167.0,False,6,5,False,,76561198970226147,NoName,6.0,3530.820068359375,-2405.030029296875,104.87999725341797,7566.500244140625,10279.100341796875,-152.39999771118164,-3632.39990234375,4125.4998779296875,187.5,255.0,128.0,,0.27348081049589396,0.025133431856835847,-2.938580493178242,True,203.0,False,8,False,5,,enpitsu,76561198039309853,24,2360.27001953125,157.85000610351562,17.040000915527344,10985.400390625,1240.0,4.799999892711639,-0.19999999552965164,-0.0,-3210.5999755859375,255.0,0.0,False,-0.01671615593796632,-3.0172490319027303,-4.063472333296493e-05,True,215.0,False,2,2,False,,games5425898691,bf81d8692db,20.0,,,,,,,,,,,,,,,,True,,,,,,
11,660,17,False,False,1,6790.921897982271,2859.659912109375,-1360.8199462890625,94.58000183105469,-4308.699951171875,4329.100036621094,1540.2000427246094,-3889.1000366210938,-3870.7998657226562,-2427.100067138672,1.0,0.41384263281614514,-2.7141170526261886,1.233742189164696,bd3208e58fb,RaptorD_,14.0,2969.760009765625,-1557.97998046875,17.010000228881836,-11855.30029296875,-7230.2001953125,2.0999999344348907,-0.3999999910593033,-0.29999999329447746,-2196.6000366210938,237.0,0.0,False,-0.00957373269247753,-0.48385200278689205,-4.3618475024487e-05,True,149.0,False,6,6,False,,76561198970226147,NoName,6.0,3120.909912109375,-1103.8399658203125,17.020000457763672,-9938.300170898438,-7415.30029296875,0.7000000029802322,-0.0,0.19999999552965164,515.6999969482422,255.0,128.0,,-0.009569122071354907,-0.6911572577315661,-0.0002531709031964224,True,203.0,False,8,False,6,,enpitsu,76561198039309853,25,3415.85009765625,-2474.43994140625,118.8499984741211,3910.5999755859375,-19986.800537109375,-154.49999809265137,2788.699951171875,-4707.0001220703125,-562.7000045776367,255.0,0.0,False,-0.10252464516625669,-2.1057056787034996,-1.9002328300988391,True,136.0,False,4,4,False,,games5425898691,bf81d8692db,20.0,,,,,,,,,,,,,,,,True,,,,,,
12,663,17,False,False,1,6732.997874149651,2793.77001953125,-1320.010009765625,113.93000030517578,-16593.1005859375,-3719.4000244140625,5634.4000244140625,-5558.4002685546875,897.6999664306641,-2073.2000732421875,1.0,0.9718436340222824,-2.698461145960907,0.8597434691106001,76561198970226147,NoName,6.0,2924.1298828125,-1240.52001953125,16.5,-10152.2998046875,-5492.39990234375,-209.0999984741211,47.39999771118164,744.4999694824219,-1100.6999969482422,255.0,0.0,,0.006155764500873938,-0.47191120133264697,-0.011805983618994454,True,203.0,False,8,6,False,,bd3208e58fb,RaptorD_,14.0,2869.080078125,-1606.97998046875,17.010000228881836,-11573.900146484375,-4561.7999267578125,2.3999999463558197,-0.0,-3.3000001311302185,-2042.1000671386719,0.0,0.0,False,-0.009688397436706585,-0.30439303409086327,-3.976832090085558e-06,True,149.0,False,6,False,6,,enpitsu,76561198039309853,25,3484.419921875,-2824.47998046875,111.38999938964844,3938.0999755859375,-20034.200439453125,-916.6000366210938,781.6000366210938,-3087.0001220703125,-699.5999908447266,255.0,0.0,False,-0.05094134300542744,-2.0806884104368195,-0.9886449672195228,True,136.0,False,4,4,False,,games5425898691,bf81d8692db,20.0,,,,,,,,,,,,,,,,True,,,,,,
13,823,23,False,False,1,8851.266873840948,-3705.580078125,-2421.110107421875,93.1500015258789,-5369.5001220703125,-577.7000045776367,0.0,632.9999923706055,-5884.2999267578125,-131.99999809265137,1.0,-0.43572795289315475,-2.501539770053807,2.311483932988539,bd3208e58fb,RaptorD_,13.0,-3556.6298828125,-2532.840087890625,17.010000228881836,-10096.199951171875,9615.0,0.09999999776482582,-0.3999999910593033,-0.0,2253.5000610351562,255.0,248.0,False,-0.009548780640308455,0.6931429825999418,-3.568956582408377e-05,True,246.87616350830243,True,8,8,False,26.0,76561198970226147,NoName,6.0,-2302.570068359375,-2898.7900390625,17.020000457763672,7678.900146484375,6936.500244140625,1.2999999523162842,-0.19999999552965164,-0.0,-2381.3999938964844,255.0,0.0,,-0.009524231596857325,2.4598183625358203,1.847857485094992e-05,True,161.0,False,8,False,6,,enpitsu,76561198039309853,24,746.5,3448.159912109375,17.049999237060547,-5776.9000244140625,19292.7001953125,2.5999999046325684,0.09999999776482582,-0.5999999865889549,-171.20000839233398,128.0,128.0,False,-0.01678851361505957,1.296818846475497,0.00011936989152875534,True,255.0,False,4,4,False,,games5425898691,bf81d8692db,20.0,-2886.989990234375,2600.590087890625,16.989999771118164,-20161.400146484375,-7071.300048828125,4.600000083446503,-1.0999999940395355,-0.0,123.4000015258789,255.0,153.0,,-0.00961858618108222,-0.3371397018077636,-2.119449230002093e-05,True,4,False,4,255.0,False,
14,833,23,False,False,1,8869.19276090237,-4001.1298828125,-2254.639892578125,315.4100036621094,2250.800018310547,3853.2000732421875,8906.699829101562,-415.29998779296875,-5498.699951171875,2364.499969482422,1.0,0.7243440597357602,3.0003714111598594,3.0195505741812476,bd3208e58fb,RaptorD_,13.0,-3919.919921875,-2364.8798828125,31.6200008392334,-12226.700439453125,3095.8999633789062,3440.1998901367188,824.1999816894531,5435.10009765625,-171.20000839233398,128.0,128.0,,0.3322193072927041,0.21810254163710913,0.05613473076863208,True,233.0,False,8,8,False,,76561198970226147,NoName,6.0,-1992.489990234375,-2757.300048828125,17.020000457763672,11027.60009765625,3157.2000122070312,0.7000000029802322,-1.1999999731779099,-0.19999999552965164,-82.20000267028809,255.0,128.0,,-0.009548728858885976,2.8744261077715167,0.00011288109344854905,True,161.0,False,8,False,6,,enpitsu,76561198039309853,25,542.3699951171875,4069.97998046875,17.049999237060547,-8417.5,17155.30029296875,3.400000035762787,0.5000000074505806,-0.3999999910593033,2564.5001220703125,,255.0,True,-0.01678419918116821,0.9970585538632646,0.00024235200752670285,True,255.0,False,4,4,False,,games5425898691,bf81d8692db,20.0,-3502.669921875,2327.60009765625,16.989999771118164,-18076.99951171875,-11048.499755859375,4.600000083446503,-0.0,-0.29999999329447746,1312.1000671386719,255.0,231.0,,-0.009569180494797698,-0.5883391315044078,6.368090073134391e-05,True,4,False,4,255.0,False,
15,902,26,False,False,0,5759.5491430748425,3450.860107421875,1361.47998046875,483.3599853515625,-3742.7999877929688,19401.400146484375,11562.60009765625,5699.6002197265625,1630.8000183105469,924.3000030517578,0.0,0.1150351799285028,0.13718503538577856,0.9540688458137639,bf81d8692db,games5425898691,20.0,3470.760009765625,1247.81005859375,302.3800048828125,-3822.0999145507812,22368.20068359375,3748.800048828125,-1333.8999938964844,-1351.300048828125,-5161.7999267578125,255.0,255.0,,-1.2626811547171521,0.7795405002570784,-0.053147616612835284,True,186.0660128311445,True,6,5,False,,76561198039309853,enpitsu,25.0,335.70001220703125,-4523.47998046875,17.049999237060547,3857.39990234375,8955.800170898438,2.5999999046325684,-0.7000000029802322,0.0,0.0,255.0,128.0,False,0.01662841503395559,1.164073984491784,2.2000332656832893e-05,True,255.0,False,4,False,4,,NoName,76561198970226147,6,-1372.1300048828125,2125.860107421875,17.020000457763672,-13859.49951171875,-2171.0000610351562,1.0999999940395355,-1.2999999523162842,0.0,-1906.199951171875,247.0,0.0,,0.009606339443156349,-3.0195558553109247,-0.0002076263503993671,True,161.0,False,6,8,False,,RaptorD_,bd3208e58fb,13.0,3353.469970703125,1435.0,329.6499938964844,-14296.300048828125,-9586.699829101562,-309.59999084472656,1044.1999816894531,-4852.0001220703125,-2369.9000549316406,244.0,121.0,,0.7397987551801256,2.9023694907522124,-0.6172562654055505,True,9,False,10,166.0,False,
16,1006,30,False,False,1,8861.538737083116,-1602.300048828125,-3362.080078125,180.60000610351562,-18236.8994140625,11510.699462890625,13531.99951171875,646.6999816894531,5347.60009765625,2642.7999877929688,1.0,0.15732200163057197,-1.631263473860093,-1.4104756097689235,76561198970226147,NoName,6.0,-1453.77001953125,-3389.35009765625,93.51000213623047,-15699.7998046875,14291.700439453125,1748.800048828125,-5223.2000732421875,752.3000335693359,-1549.7000122070312,255.0,65.0,,-0.518351120353447,0.6664043786657108,0.5882934928893377,True,107.0,False,10,7,False,,bd3208e58fb,RaptorD_,13.0,479.4200134277344,-2854.989990234375,16.959999084472656,1796.4999389648438,-17640.999755859375,13.999999761581421,-1.5999999642372131,31.19999885559082,-400.0,152.0,67.0,,-0.009526593328896542,-1.6704676350447978,0.0015140602938398973,True,219.0,False,12,False,12,,enpitsu,76561198039309853,24,-525.8400268554688,-372.45001220703125,17.049999237060547,1355.8000183105469,1921.6999816894531,2.5999999046325684,-0.29999999329447746,4.300000071525574,1175.6999969482422,255.0,128.0,False,-0.01693004071607103,-1.1916113802803365,9.1711202473909e-05,True,255.0,False,6,6,False,,games5425898691,bf81d8692db,20.0,-3239.10009765625,-2907.7099609375,17.010000228881836,316.8000030517578,13205.50048828125,2.3000000417232513,-0.09999999776482582,0.09999999776482582,-2270.800018310547,255.0,0.0,,-0.00956123712384272,1.66190181023727,-1.5788565195597747e-05,True,6,False,6,167.0,False,
17,1105,33,False,False,0,5774.469513497518,1746.760009765625,5.769999980926514,184.6699981689453,1271.9999694824219,9583.800048828125,5668.599853515625,4504.89990234375,-2923.800048828125,2675.1998901367188,0.0,0.6582686121599441,3.0321475438863352,-2.8871714773170156,76561198039309853,enpitsu,25.0,1694.4200439453125,-111.12000274658203,67.77999877929688,4186.300048828125,10374.49951171875,3035.5999755859375,-2799.1000366210938,1000.1999664306641,1583.6000061035156,255.0,,,0.0977305591544018,1.2755123070784666,0.005879793098462325,True,242.0,False,8,7,False,,bf81d8692db,games5425898691,19.0,1644.31005859375,-567.8200073242188,17.010000228881836,-9225.2001953125,-3899.8001098632812,2.5,0.19999999552965164,0.0,2393.8999938964844,255.0,255.0,,0.009533995557533158,-2.6915230518279065,7.443005781345129e-06,True,167.0,False,6,False,6,,NoName,76561198970226147,6,3352.2900390625,4355.08984375,18.540000915527344,-14288.800048828125,11887.099609375,-85.50000190734863,-262.39999771118164,132.89999961853027,1789.4000244140625,255.0,255.0,,0.01909361362665386,2.4955265574111674,-0.06702077819510142,,78.0,False,8,10,False,,RaptorD_,bd3208e58fb,14.0,616.4099731445312,5377.18994140625,18.1200008392334,-2222.4000549316406,-7782.9998779296875,-212.80000686645508,-355.6999969482422,-21.700000762939453,-82.39999771118164,255.0,128.0,,0.040265660074991695,-1.8568177104901644,-0.0066699521954608045,True,12,False,12,249.0,False,
18,1151,35,False,False,0,4567.900559964247,1948.4599609375,1565.8199462890625,219.4499969482422,-8537.80029296875,12493.699951171875,6626.400146484375,5614.69970703125,2002.8999328613281,680.5999755859375,0.0,0.01945010192270941,2.377964888675068,-0.5963859107188743,76561198039309853,enpitsu,25.0,1993.6700439453125,1572.9100341796875,81.43000030517578,-4602.60009765625,15950.10009765625,1225.6999969482422,659.4999694824219,-3816.0000610351562,3905.4000854492188,255.0,128.0,,0.6490135592378905,2.1554417819642984,-0.01236575206637661,True,246.0,False,10,9,False,,bf81d8692db,games5425898691,20.0,441.69000244140625,181.9600067138672,17.010000228881836,-2960.7998657226562,13211.700439453125,2.0000000298023224,0.09999999776482582,-0.7999999821186066,0.0,255.0,128.0,,0.009572001930115728,1.7912486390439286,6.917414621132347e-05,True,167.0,False,6,False,6,,NoName,76561198970226147,6,2180.300048828125,4141.7001953125,17.020000457763672,-668.4999847412109,-8430.900268554688,0.7000000029802322,0.0,-1.4000000059604645,214.79999542236328,171.0,128.0,,0.009557097169520459,-1.6239988660419817,-0.00022376388303175083,True,78.0,False,8,10,False,,RaptorD_,bd3208e58fb,14.0,1369.52001953125,3556.679931640625,17.010000228881836,4662.200012207031,-10998.1005859375,2.3999999463558197,1.1999999731779099,2.5,-1468.8999938964844,0.0,9.0,,0.009805091566379098,-1.1997633651505903,-4.615243925882996e-05,True,12,False,12,206.0,False,
19,1212,37,True,True,0,1357.5807717265568,120.29000091552734,4239.89990234375,106.11000061035156,-5819.69970703125,7984.4000244140625,4382.5,-4476.000061035156,-3884.8001098632812,680.5999755859375,0.0,-0.2911598333723246,2.5219144634145825,-0.8472562871819459,76561198039309853,enpitsu,25.0,-32.529998779296875,4020.06005859375,69.80999755859375,-4157.699890136719,733.6000061035156,2481.999969482422,-1328.2000732421875,4249.800109863281,-2173.0999755859375,0.0,128.0,,-0.06165052900317531,3.0300064926537815,0.44367537835581755,True,217.0,False,12,11,False,,bf81d8692db,games5425898691,20.0,416.82000732421875,2800.830078125,17.010000228881836,-10341.099853515625,7268.499755859375,2.3000000417232513,-1.7000000178813934,1.0000000149011612,-1909.2999267578125,255.0,0.0,,0.00956338267490798,2.51449983781283,-0.0003275807856473771,True,152.0,False,6,False,6,,NoName,76561198970226147,6,460.69000244140625,4269.35986328125,17.020000457763672,-6388.699951171875,10530.699462890625,1.0000000149011612,-0.9000000357627869,1.7000000178813934,1187.3999786376953,242.0,244.0,,0.009560239489012308,2.0895843572272503,0.0003821057388850472,True,59.0,False,8,10,False,,RaptorD_,bd3208e58fb,14.0,-53.45000076293945,4202.0498046875,101.95999908447266,-13106.400146484375,6150.2001953125,-836.9999694824219,-1364.9000549316406,-1073.3000183105469,98.4000015258789,128.0,128.0,,-0.009519332406208303,2.704759517482003,-2.873545768076083,True,14,False,14,237.0,False,
20,1498,38,False,False,1,5177.9244357670905,23.81999969482422,36.060001373291016,109.25,14677.5,22365.0,8857.60009765625,4884.200134277344,-3460.4998779296875,410.60001373291016,1.0,-0.05865402150975065,-0.004524256204762453,-0.08234296110108981,bd3208e58fb,RaptorD_,13.0,-78.25,-121.75,16.84000015258789,11439.599609375,17973.499755859375,38.80000114440918,-6.9999998807907104,-23.80000114440918,-1128.3000183105469,206.0,0.0,,-0.009998042402944262,2.150088133616811,0.0009849190949651283,True,0.0,False,4,4,False,,76561198970226147,NoName,5.0,69.91000366210938,-3939.110107421875,17.010000228881836,-1069.7000122070312,9139.199829101562,2.0999999344348907,-0.7999999821186066,-0.0,0.0,255.0,128.0,,-0.009453568967600556,1.4542570095839813,1.227876666778236e-06,True,116.0,False,False,False,False,,enpitsu,76561198039309853,24,25.920000076293945,3649.050048828125,17.049999237060547,-232.90000915527344,-9847.000122070312,3.3000001311302185,0.5000000074505806,3.400000035762787,-1353.3999633789062,255.0,128.0,False,-0.016647171212451014,-1.5676308136440538,-0.00027818843390012244,True,116.0,False,False,False,False,,games5425898691,bf81d8692db,19.0,122.2300033569336,663.47998046875,51.13999938964844,-184.79999542236328,-18251.099853515625,3117.39990234375,621.6999816894531,44.80000019073486,557.599983215332,255.0,122.0,,-0.02779640227598342,-1.6507073596506334,-0.0006298365179665127,True,False,False,4,0.0,False,
21,1625,43,False,False,0,8143.042798627579,-774.739990234375,-3002.139892578125,175.02999877929688,8644.69970703125,23502.19970703125,6932.7001953125,4922.900085449219,3168.9999389648438,-1312.1000671386719,0.0,0.12501138652510274,-2.02205847876276,-2.3862929768959473,76561198039309853,enpitsu,25.0,-818.9500122070312,-3184.89990234375,89.18000030517578,1136.8000030517578,22874.3994140625,2113.800048828125,-5492.9998779296875,276.00000381469727,-0.19999999552965164,255.0,128.0,,0.7235470719863342,1.5204868278465145,-5.4147663227280314e-05,True,71.0,False,2,1,False,,bf81d8692db,games5425898691,20.0,-3094.6201171875,-2960.9599609375,17.010000228881836,-642.7999877929688,-17510.999755859375,3.8999998569488525,-2.0000000298023224,-0.29999999329447746,162.00000762939453,255.0,128.0,,0.009711651349751075,-1.5902263258122495,-0.0001096117223638812,,,False,6,False,6,,NoName,76561198970226147,5,-654.6699829101562,-784.3800048828125,17.010000228881836,3945.4998779296875,-9725.2001953125,2.3999999463558197,-0.5000000074505806,1.2999999523162842,1928.3999633789062,255.0,255.0,,0.009546065529658107,-1.1846360426160734,0.0003194070516659913,True,177.0,False,False,False,False,,RaptorD_,bd3208e58fb,13.0,-2696.0,-409.55999755859375,17.010000228881836,13898.399658203125,6520.4998779296875,1.1999999731779099,1.2999999523162842,1.0000000149011612,313.799991607666,255.0,166.0,,0.00957246875636722,0.43742710978880217,2.2077764648411716e-05,True,6,False,6,203.0,False,
22,1687,45,False,False,1,7500.368506889515,-1105.6199951171875,-2088.35009765625,109.62000274658203,-16463.1005859375,-7269.4000244140625,7907.39990234375,4878.299865722656,697.3000335693359,-3422.7999877929688,1.0,-0.19270375530082243,2.4290352366968166,-3.0003927786232656,bd3208e58fb,RaptorD_,13.0,-897.3099975585938,-2084.5,17.010000228881836,-16952.39990234375,-13967.80029296875,2.3000000417232513,-0.7999999821186066,-0.3999999910593033,-1915.2999877929688,255.0,0.0,,-0.00961109965652061,-0.6210254522522456,-9.4364320520886e-05,True,159.0,False,6,6,False,,76561198970226147,NoName,6.0,-1251.239990234375,-330.1000061035156,90.0999984741211,-8314.400024414062,-16573.00048828125,-157.39999771118164,4253.2000732421875,-3470.7998657226562,-336.19998931884766,255.0,128.0,,-0.022132790804620314,2.468566038759557,-3.083380739947122,True,207.0,False,4,False,3,,enpitsu,76561198039309853,25,-948.02001953125,-1018.3800048828125,80.12000274658203,-16451.300048828125,-16014.599609375,-587.5,1819.7999572753906,-4134.89990234375,-324.7999954223633,128.0,128.0,,1.1798024939660474,-0.5899719140034853,-0.18930301460596533,True,71.0,False,4,4,False,,games5425898691,bf81d8692db,19.0,456.2200012207031,4232.81982421875,101.93000030517578,-21633.40087890625,-7059.89990234375,-153.80000114440918,1848.2000732421875,-5180.10009765625,7.300000190734863,255.0,128.0,,0.22761264055744676,2.798573563127784,3.1401698088581624,True,7,False,8,228.0,False,
23,1777,49,False,False,1,9928.284226420094,-2817.5400390625,-4067.6298828125,256.3500061035156,-2373.800048828125,6547.39990234375,6780.4998779296875,3482.9998779296875,4519.89990234375,-1854.2999267578125,1.0,0.21829722750092598,2.4572712012439384,-1.8182769974333566,bd3208e58fb,RaptorD_,13.0,-2716.570068359375,-4191.89013671875,140.38999938964844,-2432.899932861328,2804.7000122070312,1793.800048828125,-905.1000213623047,-749.5999908447266,-326.19998931884766,171.0,128.0,False,0.07532838509442076,0.8586844569349263,0.002933648084634976,True,159.0,False,8,6,False,,76561198970226147,NoName,6.0,-3076.659912109375,-3806.3798828125,153.35000610351562,-11790.400390625,2271.300048828125,111.99999809265137,405.40000915527344,-337.90000915527344,486.89998626708984,255.0,128.0,,0.5456835463460168,-0.2831555523744054,-0.22546461352652417,True,238.0,False,6,False,4,,enpitsu,76561198039309853,25,-3002.510009765625,-3123.010009765625,17.049999237060547,9889.500122070312,-6558.699951171875,3.1999999284744263,-3.1999999284744263,3.700000047683716,-1538.2000732421875,0.0,128.0,False,-0.016783344257645126,-2.5057241891475717,0.00013909211386994687,True,255.0,False,4,4,False,,games5425898691,bf81d8692db,19.0,-3418.360107421875,-550.7899780273438,17.010000228881836,7509.69970703125,-21215.90087890625,2.199999988079071,0.09999999776482582,-0.5000000074505806,1465.2999877929688,255.0,255.0,,-0.009589686661489497,-1.9394116572667923,0.0001812435954427101,True,8,False,8,255.0,False,
24,1848,51,False,False,1,8462.40923025445,-3292.3798828125,-2213.219970703125,119.9800033569336,3476.6000366210938,11485.999755859375,-488.3000183105469,4209.800109863281,557.7000045776367,238.29999923706055,1.0,-0.13292782511168763,-2.9880405982126597,0.9393943914612115,bd3208e58fb,RaptorD_,13.0,-3406.159912109375,-2234.889892578125,16.889999389648438,1199.000015258789,14155.6005859375,-141.09999656677246,-808.1999969482422,-89.79999542236328,-1282.4000549316406,134.0,0.0,False,-0.016198240624358158,1.7092736781349622,-0.0018729258819996533,True,138.0,False,8,6,False,,76561198970226147,NoName,6.0,-2867.179931640625,-4930.75,37.779998779296875,2869.7000122070312,-392.5,-557.2000122070312,526.6999816894531,-365.60001373291016,283.700008392334,128.0,128.0,,-0.18519043341337058,-3.0130426611979795,-0.42703688928431954,True,238.0,False,6,False,4,,enpitsu,76561198039309853,25,-2303.360107421875,-2544.669921875,17.049999237060547,-4091.0000610351562,15233.399658203125,-2.199999988079071,-0.5999999865889549,2.5999999046325684,197.99999237060547,255.0,128.0,False,-0.01677905142183649,1.2874831951374193,-0.00017343823322697301,True,173.56409465112992,True,4,4,False,,games5425898691,bf81d8692db,20.0,-2514.280029296875,62.0099983215332,17.010000228881836,-8454.89990234375,-10203.800048828125,2.3000000417232513,-0.0,-0.0,2271.4999389648438,255.0,255.0,,-0.0095713879061892,-0.9469413458872353,-7.390990620827587e-08,True,8,False,8,255.0,False,
25,1855,51,False,False,1,8165.115499193859,-3167.719970703125,-1942.0400390625,99.9800033569336,8173.699951171875,9489.299926757812,-622.599983215332,2852.3001098632812,-500.09998321533203,1421.0000610351562,1.0,-0.1837288801764483,2.9172586595436005,1.8653804687381355,bd3208e58fb,RaptorD_,13.0,-3303.75,-1919.5999755859375,16.940000534057617,6670.8001708984375,11083.00048828125,7.099999785423279,-29.700000286102295,-65.99999904632568,-1862.2999572753906,149.0,0.0,False,-0.013450640785302954,2.1667169485280184,-0.012207869912093158,False,138.0,False,8,6,False,,76561198970226147,NoName,6.0,-2784.9599609375,-4939.89990234375,26.1299991607666,4128.0999755859375,-443.4000015258789,-454.59999084472656,624.3000030517578,-491.50001525878906,-18.50000023841858,207.0,128.0,,-0.07418936709641107,-3.0389793279059503,-0.283245083377244,True,238.0,False,6,False,4,,enpitsu,76561198039309853,24,-2415.4599609375,-2164.989990234375,17.049999237060547,-5255.4998779296875,17299.200439453125,-2.199999988079071,-0.19999999552965164,0.7999999821186066,6.800000071525574,128.0,255.0,False,-0.016783979553932758,1.2750464104006018,-4.533137643282597e-05,True,165.0,False,4,4,False,,games5425898691,bf81d8692db,20.0,-2685.139892578125,-275.8800048828125,17.010000228881836,-5573.699951171875,-14461.500244140625,-0.29999999329447746,-0.3999999910593033,-1.1999999731779099,80.39999961853027,255.0,128.0,,-0.00959254002050606,-1.2134678249064184,-7.320971600120021e-05,True,8,False,8,233.07489031104632,True,
26,1865,52,False,False,1,7763.372693147427,-2795.800048828125,-1689.3900146484375,100.23999786376953,13875.699462890625,5218.900146484375,284.3000030517578,294.0999984741211,-593.6999893188477,2472.5,1.0,0.13319987809597653,2.2705641298413934,2.175976825396463,bd3208e58fb,RaptorD_,13.0,-2954.89990234375,-1640.800048828125,16.8700008392334,13526.600341796875,5022.699890136719,0.5000000074505806,68.00000190734863,25.59999942779541,-1898.3999633789062,255.0,0.0,False,-0.013609130690708819,2.842552871216996,-0.00809219051658858,False,121.0,False,8,6,False,,76561198970226147,NoName,6.0,-2593.179931640625,-4962.52978515625,18.920000076293945,7103.900146484375,-742.3999786376953,-23.399999141693115,80.69999694824219,-205.59999465942383,186.10000610351562,255.0,153.0,,-0.005616405189880917,-3.0293140189535044,-0.06906519109579848,True,238.0,False,6,False,4,,enpitsu,76561198039309853,25,-2634.22998046875,-1601.449951171875,22.020000457763672,-7704.7998046875,11923.800048828125,3000.1998901367188,-5.799999833106995,-4.799999892711639,1761.1000061035156,0.0,255.0,False,-0.017268285215634185,0.9411035530273362,7.138103111730255e-05,True,165.0,False,5,6,False,,games5425898691,bf81d8692db,20.0,-2809.570068359375,-780.25,17.010000228881836,-629.0999984741211,-18135.699462890625,0.0,-0.0,0.7000000029802322,1917.1000671386719,255.0,255.0,,-0.009605588407191048,-1.5981750344094299,5.520174559508674e-05,True,8,False,8,201.60799990418138,True,
27,1877,52,False,False,1,7279.230735746902,-2142.010009765625,-1474.9599609375,93.31999969482422,13307.60009765625,4322.5,308.99999618530273,-772.5,2181.699981689453,3030.4000854492188,1.0,0.18459313155091603,0.9068973563086113,2.398206560237348,bd3208e58fb,RaptorD_,13.0,-2335.5400390625,-1619.8599853515625,19.209999084472656,21099.89990234375,-8124.6002197265625,2672.9998779296875,301.9000053405762,167.29999542236328,-482.40001678466797,255.0,134.0,False,-0.012850625749973721,-3.0556722208440026,0.004874482502761183,False,108.51990545180537,True,8,6,False,,76561198970226147,NoName,6.0,-2218.56005859375,-4929.33984375,17.079999923706055,9983.800048828125,1423.5000610351562,-41.79999828338623,159.89999771118164,-77.39999771118164,-14.299999475479126,255.0,128.0,,-0.012570961189042695,2.9979707320131412,-0.0018920729298552703,True,238.0,False,6,False,4,,enpitsu,76561198039309853,24,-2922.080078125,-1372.4599609375,102.58000183105469,-5009.800109863281,2179.9000549316406,-154.49999809265137,5304.5001220703125,1449.9000549316406,94.49999809265137,128.0,0.0,False,0.34012877591115515,-0.9172153705523036,-2.704928839145435,True,165.0,False,5,6,False,,games5425898691,bf81d8692db,20.0,-2419.18994140625,-1585.050048828125,17.030000686645508,13161.500244140625,-8622.899780273438,-6.000000238418579,15.700000524520874,45.70000171661377,3800.2999877929688,255.0,255.0,,-0.002649148542979493,-2.7212830538014514,-0.002346796344344931,True,8,False,8,192.0,False,
28,1896,53,False,False,0,4510.883276435502,1265.8499755859375,1180.9000244140625,96.68000030517578,-19726.800537109375,-12563.699951171875,2503.9999389648438,-2636.6000366210938,-3037.60009765625,-911.9999694824219,0.0,-0.6608739575952463,-2.3426592467570266,0.3105751252607123,bf81d8692db,games5425898691,20.0,1440.52001953125,1319.77001953125,16.979999542236328,-14326.600341796875,-12455.2001953125,3.6000001430511475,1.1999999731779099,1.0000000149011612,1381.0000610351562,255.0,190.0,,0.009592647179106267,-2.3880788408653273,0.0001112979577906537,True,141.84527332808383,True,8,8,False,,76561198039309853,enpitsu,24.0,3260.1298828125,1225.010009765625,45.2599983215332,4963.299865722656,-2200.0999450683594,-2640.0,-1527.7000427246094,-90.10000228881836,-925.8999633789062,255.0,0.0,,0.340994720431209,-0.7047991156056713,0.2252407268108751,True,149.30990115288765,True,6,False,6,,NoName,76561198970226147,6,1487.6700439453125,4687.0,17.0,-11265.899658203125,-5777.5,3.3000001311302185,-0.5000000074505806,-0.29999999329447746,5.600000023841858,255.0,128.0,,0.00955533766978911,-2.6667820465795935,-5.797484453766073e-05,True,238.0,False,4,6,False,,RaptorD_,bd3208e58fb,13.0,721.9199829101562,1954.5699462890625,21.549999237060547,-18016.99951171875,2081.199951171875,-1471.1000061035156,767.3000335693359,862.3000335693359,2149.600067138672,190.0,0.0,,-0.024585644607689052,-1.7850986895811647,0.06090621225596425,True,6,False,8,95.0,False,
29,1991,56,False,False,0,7887.487825841883,-3958.760009765625,-2128.56005859375,386.9200134277344,14270.799560546875,18355.400390625,12645.10009765625,2687.2000122070312,-2011.1000061035156,-4973.299865722656,0.0,-0.5199504579349962,-1.9494931439022283,1.1524877695164053,bf81d8692db,games5425898691,20.0,-4081.050048828125,-2341.659912109375,247.13999938964844,-959.1000366210938,17206.800537109375,10288.299560546875,-1909.1000366210938,3775.7998657226562,8.999999761581421,255.0,0.0,,-0.5235163655391941,1.5985677196865062,1.4923362062013417,True,73.40984944887059,True,10,10,False,,76561198039309853,enpitsu,24.0,2852.360107421875,-4485.58984375,17.030000686645508,-15969.000244140625,-10108.900146484375,5.5000001192092896,0.09999999776482582,0.0,-2044.1999816894531,255.0,128.0,,0.01676257234442305,-2.6508796208853393,2.074759286778805e-05,True,255.0,False,6,False,6,,NoName,76561198970226147,6,-105.83999633789062,4380.93994140625,17.0,0.0,0.0,3.400000035762787,0.0,0.09999999776482582,0.0,128.0,128.0,,0.009620402650655769,-3.1097670224180742,-1.4159998934334208e-05,True,255.0,False,4,6,False,,RaptorD_,bd3208e58fb,13.0,1959.8800048828125,224.2100067138672,16.979999542236328,9059.099731445312,-10351.199951171875,5.699999928474426,0.5999999865889549,0.09999999776482582,51.39999866485596,255.0,144.0,,0.009518911295239367,-0.8527876499609358,1.9190400866479572e-05,True,6,False,8,82.0,False,
30,2102,60,False,False,1,10242.433748111964,-1420.9200439453125,-4836.93994140625,129.8000030517578,2953.800048828125,-19094.000244140625,-541.5000152587891,3529.8001098632812,-1002.9000091552734,-4747.0001220703125,1.0,0.9254751895897687,0.625860656711468,0.34379312215837676,bd3208e58fb,RaptorD_,13.0,-1536.969970703125,-4759.31005859375,15.220000267028809,-966.6000366210938,-462.90000915527344,-1286.3999938964844,3844.4000244140625,3568.599853515625,-1653.6000061035156,136.0,83.0,,-0.049490572927112404,2.8915493392774057,0.0722775024735336,True,247.0,False,10,8,False,,76561198970226147,NoName,6.0,-656.3300170898438,-4641.990234375,17.0,1331.1000061035156,2447.7000427246094,3.400000035762787,0.09999999776482582,1.2999999523162842,244.3000030517578,255.0,153.0,,-0.009426184555803331,2.0963008470937123,3.232042644315185e-05,True,255.0,False,6,False,4,,enpitsu,76561198039309853,25,-670.219970703125,2057.3798828125,17.030000686645508,-4982.300109863281,-10265.899658203125,5.099999904632568,-0.3999999910593033,-0.7000000029802322,48.69999885559082,128.0,128.0,False,-0.01686161579297323,-1.1254249943098091,-8.676378131839992e-05,True,255.0,False,6,6,False,,games5425898691,bf81d8692db,20.0,-604.75,-2234.2900390625,17.010000228881836,-15057.900390625,8184.0997314453125,2.0000000298023224,-1.0999999940395355,0.5999999865889549,414.39998626708984,255.0,223.0,,-0.009588177747197864,0.5261509451601266,0.00027271732291206147,True,12,False,12,215.0,False,
31,2178,63,False,False,1,9289.593417297174,-631.6699829101562,-4023.1201171875,959.8800048828125,1876.9000244140625,15412.19970703125,2021.4999389648438,-1366.6999816894531,-5089.800109863281,-2.8999999165534973,1.0,-0.21061951355329797,0.028411545472883108,2.3053817564172068,bd3208e58fb,RaptorD_,13.0,-619.3699951171875,-4180.18994140625,873.4400024414062,6063.0999755859375,8017.60009765625,5820.30029296875,412.00000762939453,-4839.100036621094,-2581.300048828125,255.0,255.0,,0.34939881047116006,1.4451579005501525,2.651904910177365,True,127.51117425067454,True,12,8,4,,76561198970226147,NoName,6.0,-638.760009765625,-4803.5498046875,17.0,50.300002098083496,369.50000762939453,3.3000001311302185,-0.3999999910593033,-0.0,0.0,255.0,,,-0.009367986336331673,1.706047940318653,7.854809353965002e-06,True,255.0,False,6,False,4,,enpitsu,76561198039309853,25,-332.6000061035156,568.469970703125,17.040000915527344,8445.0,-5574.0997314453125,3.799999952316284,-0.0,-0.19999999552965164,0.0,255.0,0.0,True,-0.016709700302567413,-2.5581871177141347,-9.818936495058486e-06,True,255.0,False,6,6,False,,games5425898691,bf81d8692db,20.0,-732.280029296875,-3100.719970703125,256.0299987792969,9457.899780273438,612.2000122070312,-140.600004196167,-2475.800018310547,76.10000133514404,-4910.5999755859375,255.0,175.0,,1.0846624244041725,-3.049530048536432,1.0677736318318316,True,13,False,14,232.0,False,
32,2228,65,True,True,0,4010.299194808906,298.8599853515625,1311.8399658203125,263.0899963378906,2472.100067138672,21786.69921875,3087.0001220703125,126.19999885559082,-4.399999976158142,5998.599853515625,0.0,-0.35611169752241956,2.7210893742133986,-0.7999914021478329,76561198039309853,enpitsu,25.0,281.1000061035156,1150.22998046875,169.66000366210938,2775.10009765625,15904.49951171875,3339.1000366210938,1122.9000091552734,43.80000114440918,335.40000915527344,128.0,128.0,False,-0.43037497322138435,1.7517742863131585,-0.04180012717090347,True,179.0,False,8,6,False,,bf81d8692db,games5425898691,20.0,-983.1799926757812,2828.639892578125,17.010000228881836,-8294.299926757812,-8502.60009765625,2.3000000417232513,-3.3000001311302185,-3.3000001311302185,1422.4000549316406,255.0,255.0,,0.009560348595251998,-2.3241581320794675,-1.5847176148303235e-05,True,232.0,False,14,False,14,,NoName,76561198970226147,7,654.1599731445312,3861.610107421875,17.0,-681.9999694824219,-2550.500030517578,3.3000001311302185,-0.29999999329447746,-0.19999999552965164,-94.30000305175781,255.0,128.0,,0.009468163310717995,-1.828977373503705,4.0332339486218284e-05,True,255.0,False,4,6,False,,RaptorD_,bd3208e58fb,13.0,-256.8299865722656,2380.010009765625,567.1699829101562,-2478.2000732421875,-11068.199462890625,-8392.999877929688,62.30000019073486,-186.10000610351562,786.1000061035156,235.0,128.0,,-0.04109485486282419,0.5137643200875506,0.24902539716248875,True,8,4,12,84.0,False,
33,2535,67,False,False,0,5195.488227832976,31.440000534057617,27.959999084472656,104.08999633789062,25614.29931640625,8160.7000732421875,6747.9998779296875,2552.7999877929688,1451.9000244140625,-5232.0001220703125,0.0,0.08493882280833943,-0.26490125362724026,0.16159924776366166,bf81d8692db,games5425898691,19.0,-31.56999969482422,-136.57000732421875,99.36000061035156,-11626.099853515625,17518.499755859375,104.79999542236328,-4415.7000732421875,-2527.7000427246094,-2088.3999633789062,128.0,130.0,,1.099668197404627,1.1481145633895276,-1.0580975543160034,True,0.0,False,4,3,False,,76561198039309853,enpitsu,25.0,-3102.2900390625,-4216.759765625,17.049999237060547,-4625.799865722656,-6924.1998291015625,1.7000000178813934,3.4999999403953552,3.0000001192092896,756.5000152587891,255.0,0.0,,0.016360532327636207,1.03257807896896,0.0001493217168637284,True,255.0,False,False,False,False,,NoName,76561198970226147,5,3462.68994140625,3974.760009765625,17.010000228881836,8887.999877929688,8889.299926757812,2.0999999344348907,0.09999999776482582,0.0,0.0,128.0,,,0.00955261367492961,-2.356125326560188,1.5620134621144588e-05,True,85.0,False,4,4,False,,RaptorD_,bd3208e58fb,13.0,-106.63999938964844,174.8800048828125,85.02999877929688,19504.49951171875,-11813.599853515625,2107.2999572753906,-811.9999694824219,5300.8001708984375,1221.2000274658203,255.0,254.0,,0.35465227415477374,-0.9491422986853237,-0.2768784654425643,True,5,False,6,15.16554816563924,True,
34,2593,69,False,False,1,5141.1272613353585,-2450.739990234375,1237.3699951171875,182.22999572753906,848.7999725341797,16448.00048828125,8883.400268554688,950.4000091552734,5776.6998291015625,1313.5000610351562,1.0,0.06539135995375037,0.16844557866829604,0.169355105694635,bd3208e58fb,RaptorD_,13.0,-2389.860107421875,1175.7900390625,56.68000030517578,-10991.400146484375,10515.6005859375,1578.800048828125,-4823.299865722656,-426.8000030517578,-2608.2000732421875,255.0,37.0,,-0.07013459657540655,0.43539652512094923,0.0661192750948496,True,21.174468842885833,True,8,7,False,,76561198970226147,NoName,6.0,-2668.169921875,-3373.669921875,17.0,4740.0,11467.19970703125,3.3000001311302185,0.09999999776482582,0.7999999821186066,2.5999999046325684,255.0,128.0,,-0.009544730766938235,1.962282803229033,-7.250862851250428e-05,True,255.0,False,4,False,4,,enpitsu,76561198039309853,25,1006.1799926757812,4647.0,17.049999237060547,-15190.0,7655.2001953125,3.1999999284744263,1.2999999523162842,-0.0,1856.3999938964844,255.0,255.0,False,-0.01681105604543807,0.438130962190579,0.0003637456327451794,True,154.0,False,False,False,False,,games5425898691,bf81d8692db,19.0,2573.3798828125,-1380.3800048828125,17.010000228881836,10153.499755859375,12042.39990234375,2.0000000298023224,0.5000000074505806,0.7000000029802322,50.70000171661377,255.0,128.0,,-0.009585968603962906,2.2641927235644115,-9.680831010745779e-05,False,4,False,4,0.0,False,
35,2672,72,False,False,0,10197.331152753757,2243.300048828125,-4562.080078125,90.19999694824219,10182.5,16905.799560546875,-5913.800048828125,-3478.699951171875,189.89999771118164,4884.800109863281,0.0,1.2143295179588496,-2.001827158961822,-0.4366226770606789,76561198039309853,enpitsu,25.0,2099.530029296875,-4721.9501953125,141.9199981689453,11872.2998046875,2237.7000427246094,2719.89990234375,-1972.5999450683594,4488.599853515625,2491.999969482422,255.0,255.0,,0.5825069257570707,0.04469550065663234,-0.04961803927602495,True,130.0,False,2,False,False,,bf81d8692db,games5425898691,20.0,-3144.93994140625,-3658.320068359375,17.010000228881836,9889.299926757812,-19506.300048828125,2.199999988079071,-1.5000000596046448,2.8999999165534973,1212.3999786376953,255.0,151.0,,0.009595921567878092,-1.0552177854287301,8.407542528758172e-05,True,222.0,False,4,False,4,,NoName,76561198970226147,6,2142.89990234375,442.2799987792969,17.0,4127.699890136719,-7667.9998779296875,3.3000001311302185,0.7000000029802322,-1.0999999940395355,233.4000015258789,255.0,128.0,,0.009511937677245275,-1.0509883550252035,-0.00023369719697966817,True,255.0,False,4,4,False,,RaptorD_,bd3208e58fb,13.0,3152.60009765625,-4241.72998046875,17.010000228881836,238.09999465942383,1246.1000061035156,2.0999999344348907,-1.0000000149011612,0.0,780.8999633789062,0.0,39.0,False,0.009773367692094852,-1.5220905252674448,0.0001159507074288369,True,8,False,8,255.0,False,
36,2729,74,False,False,1,5602.401995890209,-3753.14990234375,2013.9300537109375,134.2899932861328,-1339.7000122070312,20595.30029296875,10585.0,5770.4998779296875,-1541.0000610351562,570.4000091552734,1.0,-1.198791171321716,1.5372807536673314,0.08353947587370651,76561198970226147,NoName,6.0,-3780.35009765625,1820.0799560546875,15.390000343322754,-3569.2001342773438,14909.000244140625,-637.7999877929688,375.40000915527344,1327.2999572753906,-3450.2999877929688,255.0,142.0,,0.006738739429127645,1.47621936147873,0.04794275055434032,True,198.0,False,4,4,False,,bd3208e58fb,RaptorD_,13.0,-2665.659912109375,2251.0,61.09000015258789,1796.6000366210938,-12878.00048828125,-922.7999877929688,3934.5999145507812,498.49998474121094,2226.300048828125,187.0,104.0,False,-0.14597792152037567,-1.6119161529139938,-0.5947023194102223,True,204.34845574440496,True,10,False,10,,enpitsu,76561198039309853,25,-3771.320068359375,3331.89990234375,16.229999542236328,9023.200073242188,-11486.500244140625,50.19999980926514,-44.40000057220459,-97.10000038146973,2883.9999389648438,255.0,255.0,False,-0.011312538913767113,-2.4071731870222086,0.0066136537650785514,True,70.0,False,False,2,False,,games5425898691,bf81d8692db,20.0,638.8499755859375,4958.14990234375,17.010000228881836,-4266.9000244140625,243.29999923706055,2.0999999344348907,-0.19999999552965164,0.09999999776482582,0.0,255.0,128.0,,-0.00949223975829843,0.0569940301933215,-3.850265578562553e-05,True,4,False,4,222.0,False,
37,2803,77,False,False,0,10533.283931355352,1852.2900390625,-5028.43017578125,310.3999938964844,2941.300048828125,-19117.2998046875,4780.400085449219,-4017.7999877929688,-4094.4000244140625,-1758.6000061035156,0.0,0.6527036038347139,-0.6647188204619734,-3.1123385187595045,76561198039309853,enpitsu,25.0,1778.68994140625,-4903.259765625,229.27000427246094,4883.900146484375,-11809.89990234375,746.5000152587891,3064.2999267578125,4541.099853515625,-487.7000045776367,255.0,128.0,False,0.34563273694674385,-0.44628773831941254,-0.22283371458418288,True,59.0,False,4,1,False,,bf81d8692db,games5425898691,20.0,1057.219970703125,-5006.7001953125,18.68000030517578,8672.19970703125,-986.9999694824219,325.09998321533203,-736.9999694824219,-514.3999862670898,142.5,255.0,130.0,,-0.025872266961339357,-0.1253256067342981,-0.046693559194384185,True,222.0,False,4,False,4,,NoName,76561198970226147,6,3096.14990234375,-1280.1099853515625,109.95999908447266,2385.8999633789062,11708.199462890625,-158.00000190734863,-4969.100036621094,2323.000030517578,-400.9000015258789,255.0,128.0,,1.1991571621652641,-2.7828895312128514,2.4231274573044472,True,229.0,False,5,6,False,,RaptorD_,bd3208e58fb,13.0,953.22998046875,101.22000122070312,97.08000183105469,-7117.1002197265625,15995.2001953125,2185.0999450683594,-5419.89990234375,-426.6999816894531,-832.2000122070312,128.0,99.0,False,0.5162390005119911,1.8372753241652533,0.04388097504171681,False,11,False,12,235.0,False,
38,2847,78,False,False,0,10615.122858472218,3146.72998046875,-4675.14990234375,133.22000122070312,16732.7001953125,13008.1005859375,6871.199951171875,-3897.0001220703125,-4350.899963378906,-1371.7999267578125,0.0,-0.11050356830488506,-2.2484150199618154,-2.2524757832117714,bf81d8692db,games5425898691,20.0,2976.699951171875,-4748.91015625,19.290000915527344,16558.800048828125,3282.0001220703125,880.5999755859375,-1377.5999450683594,-2159.4000244140625,1771.4999389648438,255.0,250.0,,-0.0522095598432218,0.21323954647658702,-0.05237250387949753,True,184.4029506919205,True,4,4,False,,76561198039309853,enpitsu,25.0,2389.39990234375,-5026.66015625,38.900001525878906,4268.500061035156,1677.7000427246094,-897.3000335693359,939.8000335693359,614.7999954223633,1718.699951171875,255.0,255.0,False,0.14534153801231764,0.2912476562148296,-0.5103476382228627,True,59.0,False,4,False,2,,NoName,76561198970226147,6,3728.52001953125,536.530029296875,17.010000228881836,9819.600219726562,8798.800048828125,2.3000000417232513,-1.2999999523162842,-1.0000000149011612,1826.1000061035156,255.0,228.0,,0.009559319802078328,0.7436032428719226,0.00032854093070019985,True,229.0,False,6,6,False,,RaptorD_,bd3208e58fb,13.0,-26.799999237060547,2750.050048828125,17.010000228881836,-425.99998474121094,14275.799560546875,2.199999988079071,0.0,1.7000000178813934,-1694.1999816894531,128.0,54.0,False,0.009643110320507856,1.5523339061991646,-9.665015159414917e-05,False,12,False,12,255.0,False,27.0
39,2878,79,False,False,0,9500.879386451532,3992.2900390625,-3006.860107421875,356.92999267578125,-2573.3999633789062,21196.4990234375,-1107.2000122070312,647.0999908447266,-685.1999664306641,-1257.3999786376953,0.0,0.9586601414331125,-0.9853170030048208,0.06588305527702278,bf81d8692db,games5425898691,20.0,4079.10009765625,-3189.590087890625,296.7099914550781,-25.399999618530273,19112.19970703125,-175.0,-1595.5000305175781,24.40000057220459,-18.200000524520874,255.0,255.0,,0.02289262410566428,1.5622848804278027,-1.5722666609581257,True,140.53969017920957,True,4,4,False,,76561198039309853,enpitsu,25.0,2346.81005859375,-4263.60986328125,17.059999465942383,-6938.499755859375,8866.300048828125,1.1999999731779099,-0.3999999910593033,0.5999999865889549,12.599999904632568,255.0,128.0,False,0.016709491618559683,2.2365350938987314,-6.758593356102121e-05,True,59.0,False,4,False,2,,NoName,76561198970226147,6,4078.97998046875,1927.3399658203125,457.5199890136719,-1.899999976158142,9814.600219726562,7876.199951171875,-443.10001373291016,11.799999475479126,7.5,255.0,182.0,,-0.724221753324278,1.5581101430943596,-1.5626873709711528,True,229.0,False,6,6,False,,RaptorD_,bd3208e58fb,13.0,277.7099914550781,3740.590087890625,17.010000228881836,-3588.2000732421875,2558.699951171875,2.0000000298023224,-0.3999999910593033,0.29999999329447746,-665.6999969482422,0.0,166.0,False,0.009698282988219264,-0.6058711339693651,1.5278156914895003e-05,True,12,False,12,255.0,False,
40,2900,80,False,False,0,8029.742049276802,3794.2900390625,-1377.510009765625,103.02999877929688,-2215.2000427246094,17386.8994140625,3373.2000732421875,-5845.4998779296875,-1032.699966430664,-873.0999755859375,0.0,0.8383446812050632,-0.9922597345125082,1.2050601650696067,bf81d8692db,games5425898691,20.0,3996.4599609375,-1579.75,77.95999908447266,-2757.3001098632812,22679.599609375,-2651.7999267578125,-983.0999755859375,1260.5999755859375,733.0999755859375,255.0,226.0,,0.13873243228337542,1.6966096635928123,-0.7265658352587878,True,83.0,False,4,4,False,,76561198039309853,enpitsu,24.0,1763.8699951171875,-3389.6201171875,17.059999465942383,-5597.80029296875,12337.900390625,1.8000000715255737,-0.5000000074505806,1.0999999940395355,-1897.2999572753906,255.0,128.0,False,0.01674265451310134,1.9719829353462066,-0.00024726557597798697,True,59.0,False,4,False,2,,NoName,76561198970226147,6,4078.97998046875,2805.14990234375,420.57000732421875,-1.4000000059604645,10879.3994140625,-8719.600219726562,-106.49999618530273,1.0999999940395355,-1.0000000149011612,161.0,128.0,,0.673468117836198,1.5585262518952896,-1.5786210565648788,True,229.0,False,6,6,False,,RaptorD_,bd3208e58fb,13.0,-36.86000061035156,4299.2998046875,17.010000228881836,587.2999954223633,10340.50048828125,2.0999999344348907,0.0,1.5000000596046448,-66.99999809265137,0.0,128.0,False,0.009648694072777618,-1.6465071103031959,0.00015374435323545405,True,12,False,12,255.0,False,
41,2968,83,False,False,0,5071.0863927398295,3381.0400390625,2415.510009765625,115.66000366210938,21543.40087890625,19270.999755859375,6676.300048828125,-2698.0999755859375,-4436.9000244140625,3005.5999755859375,0.0,-1.5109649511791126,-0.5457386343333902,0.06409758468326761,bf81d8692db,games5425898691,20.0,3200.030029296875,2314.830078125,15.989999771118164,17285.2001953125,10558.900146484375,-123.80000114440918,676.3999938964844,-1208.7000274658203,-2436.1000061035156,255.0,0.0,False,-0.02530073316584848,0.4807676370152019,0.0014470344605976274,True,0.0,False,4,4,False,,76561198039309853,enpitsu,24.0,1992.6199951171875,-1192.6500244140625,17.059999465942383,-297.90000915527344,-1327.4000549316406,1.1999999731779099,3.6000001430511475,-0.5000000074505806,0.0,255.0,,,0.016472407663104975,1.3498966213517753,-7.537788248425887e-06,True,120.0,False,4,False,2,,NoName,76561198970226147,6,3174.14990234375,3589.02001953125,17.010000228881836,4345.4998779296875,-12968.00048828125,-0.29999999329447746,-0.19999999552965164,1.2999999523162842,-62.800002098083496,255.0,125.0,False,0.009584539987947433,-1.253185380532934,7.466681759559361e-05,True,186.08092040143987,True,6,6,False,,RaptorD_,bd3208e58fb,13.0,234.1699981689453,5789.0400390625,38.56999969482422,9.599999785423279,-13.799999952316284,-2.800000011920929,7.900000214576721,-11.399999856948853,-1.0999999940395355,128.0,128.0,,0.13195013496668376,-1.7618883190764727,-0.04023179687881678,True,12,False,12,255.0,False,
42,3064,86,True,True,0,1871.297771912125,870.6400146484375,4522.9599609375,355.69000244140625,-11222.2998046875,14639.7998046875,5710.4998779296875,3500.7998657226562,1744.6000671386719,-4549.700012207031,0.0,-0.9990133421443365,2.031224313775013,-0.9756275494534018,bf81d8692db,games5425898691,20.0,936.8699951171875,4363.4501953125,214.52999877929688,-18226.400146484375,10445.2001953125,-372.99999237060547,-3752.0999145507812,-3851.7001342773438,-1155.6999969482422,255.0,232.0,False,-0.4012752448488341,1.5931491534969802,0.06031531155706026,True,0.0,False,6,5,False,,76561198039309853,enpitsu,25.0,1054.22998046875,1123.52001953125,17.059999465942383,-2554.600067138672,-6049.69970703125,1.1999999731779099,-0.3999999910593033,-1.4000000059604645,-60.0,0.0,0.0,,0.016929147809745283,1.1589401736873013,0.00015032637066158183,True,120.0,False,4,False,2,,NoName,76561198970226147,5,1389.3499755859375,4228.81005859375,17.010000228881836,-2923.699951171875,13786.199951171875,2.0999999344348907,-0.3999999910593033,2.3000000417232513,406.5999984741211,255.0,170.0,False,0.009594888762595757,1.7732136312311413,6.18448239677237e-05,True,181.0,False,6,6,False,,RaptorD_,bd3208e58fb,13.0,1121.1700439453125,4610.91015625,395.1099853515625,7415.8001708984375,-6240.2001953125,3933.2998657226562,1599.1999816894531,-551.5000152587891,-2042.2999572753906,128.0,37.0,,-0.6262329680316417,-0.8418121817990155,0.21640308957257884,True,12,4,14,216.0,False,
43,3332,87,False,False,1,5211.042053740215,37.810001373291016,0.10999999940395355,114.58999633789062,9348.699951171875,-1903.2000732421875,5295.2001953125,-5540.8001708984375,-1811.4999389648438,1420.2000427246094,1.0,-0.1941325938624128,0.047220278599206356,0.3980791494183682,76561198970226147,NoName,5.0,41.959999084472656,-162.52000427246094,71.19000244140625,-149.89999771118164,3475.7998657226562,2833.9999389648438,3825.4998779296875,2806.099853515625,-2782.2000122070312,255.0,9.0,,0.311226085370548,1.4088241214444996,0.04816872924963397,True,0.0,False,4,3,False,,bd3208e58fb,RaptorD_,13.0,-2398.090087890625,-4090.239990234375,19.459999084472656,-14125.699462890625,-5046.499938964844,-1224.1999816894531,4669.2999267578125,1037.7999877929688,-2125.0999450683594,128.0,0.0,False,-0.026392763411229047,-0.19743048892484827,0.15970601030845838,False,0.0,False,4,False,4,,enpitsu,76561198039309853,24,-62.63999938964844,159.61000061035156,105.55999755859375,17548.699951171875,-14800.999755859375,1403.699951171875,708.0999755859375,5202.1002197265625,1638.9999389648438,255.0,255.0,,-0.7565289151031042,-2.1345228185106864,-0.5025573519137605,True,0.0,False,1,2,False,,games5425898691,bf81d8692db,19.0,2897.110107421875,4089.860107421875,17.010000228881836,17316.600341796875,-2388.2000732421875,2.3000000417232513,0.29999999329447746,-0.0,-1958.2000732421875,255.0,0.0,,-0.00958028755632071,-2.9348432975959087,-3.389476186428871e-05,True,False,False,False,0.0,False,40.0
44,3333,87,False,False,0,5215.644895279009,-66.25,-9.220000267028809,124.5999984741211,-11540.400390625,2349.499969482422,2227.5999450683594,4625.7000732421875,1918.800048828125,-368.49998474121094,0.0,0.2515713296734616,-0.07125457475417146,0.5095926689783097,76561198039309853,enpitsu,24.0,-34.290000915527344,-144.22000122070312,112.80999755859375,-10660.10009765625,-1359.4999694824219,173.1999969482422,-4051.6000366210938,-3501.4999389648438,-1254.1999816894531,255.0,255.0,,1.3674636673319542,0.9744824392976097,-1.3943942248891192,True,0.0,False,2,1,False,,bf81d8692db,games5425898691,19.0,-2897.110107421875,-4089.860107421875,17.010000228881836,-17316.600341796875,2388.2000732421875,2.3000000417232513,-0.29999999329447746,0.0,-1958.2000732421875,255.0,0.0,,0.00958028755632071,2.9348432975959087,-3.389476186428871e-05,True,255.0,False,False,False,False,,NoName,76561198970226147,5,-41.959999084472656,162.52000427246094,71.19000244140625,149.89999771118164,-3475.7998657226562,2833.9999389648438,-3825.4998779296875,-2806.099853515625,-2782.2000122070312,255.0,9.0,,-0.311226085370548,-1.4088241214444996,0.04816872924963397,True,0.0,False,3,4,False,,RaptorD_,bd3208e58fb,13.0,2398.090087890625,4090.239990234375,19.459999084472656,14125.699462890625,5046.499938964844,-1224.1999816894531,-4669.2999267578125,-1037.7999877929688,-2125.0999450683594,128.0,0.0,False,0.026392763411229047,0.19743048892484827,0.15970601030845838,False,4,False,4,0.0,False,
45,3334,87,False,False,1,5179.651528446694,132.08999633789062,16.989999771118164,122.79000091552734,13863.900146484375,6310.0,-1917.2000122070312,-1475.8999633789062,-288.8999938964844,-4264.5001220703125,1.0,-0.30773326612884305,0.2056940393293653,0.6179915866571065,76561198970226147,NoName,5.0,47.15999984741211,-145.39999389648438,95.08000183105469,1352.4000549316406,1076.3999938964844,2880.7998657226562,1459.7000122070312,5282.7001953125,-459.59999084472656,255.0,0.0,,0.5189207651643635,1.8017548890286883,0.628080949047241,True,0.0,False,4,3,False,,bd3208e58fb,RaptorD_,13.0,-2491.8798828125,-4114.60986328125,15.890000343322754,-13984.7998046875,-2412.7999877929688,25.399999618530273,390.2000045776367,141.899995803833,-2195.2000427246094,128.0,0.0,False,-0.007544361422658517,-0.048956628579308374,-0.0046343249236575745,False,0.0,False,4,False,4,,enpitsu,76561198039309853,24,34.290000915527344,144.22000122070312,112.80999755859375,10660.10009765625,1359.4999694824219,173.1999969482422,4051.6000366210938,3501.4999389648438,-1254.1999816894531,255.0,255.0,,-1.3674636673319542,-0.9744824392976097,-1.3943942248891192,True,0.0,False,1,2,False,,games5425898691,bf81d8692db,19.0,3037.669921875,4057.43994140625,17.010000228881836,16434.7998046875,-5094.700012207031,2.3000000417232513,0.3999999910593033,-0.0,-1970.2000427246094,255.0,0.0,,-0.009582463375989532,-2.7711425161368597,-3.3619684865420815e-05,True,False,False,False,255.0,False,
46,3335,87,False,False,0,5208.384932576603,-178.16000366210938,-18.68000030517578,114.5199966430664,-13993.900146484375,269.89999771118164,-2586.7999267578125,800.2999877929688,789.8000335693359,-398.3000183105469,0.0,0.33901905634354956,-0.21205258089359202,0.639762270238283,76561198039309853,enpitsu,24.0,-132.1199951171875,-171.47000122070312,112.12000274658203,-10725.0,-3638.699951171875,-146.30000114440918,-3406.6000366210938,-2798.0999755859375,3288.599853515625,255.0,255.0,,1.032536900264585,-0.25353312325073046,-2.954152989827761,True,0.0,False,2,1,False,,bf81d8692db,games5425898691,19.0,-3037.669921875,-4057.43994140625,17.010000228881836,-16434.7998046875,5094.700012207031,2.3000000417232513,-0.3999999910593033,0.0,-1970.2000427246094,255.0,0.0,,0.009582463375989532,2.7711425161368597,-3.3619684865420815e-05,True,255.0,False,False,False,False,,NoName,76561198970226147,5,-47.15999984741211,145.39999389648438,95.08000183105469,-1352.4000549316406,-1076.3999938964844,2880.7998657226562,-1459.7000122070312,-5282.7001953125,-459.59999084472656,255.0,0.0,,-0.5189207651643635,-1.8017548890286883,0.628080949047241,True,0.0,False,3,4,False,,RaptorD_,bd3208e58fb,13.0,2491.8798828125,4114.60986328125,15.890000343322754,13984.7998046875,2412.7999877929688,25.399999618530273,-390.2000045776367,-141.899995803833,-2195.2000427246094,128.0,0.0,False,0.007544361422658517,0.048956628579308374,-0.0046343249236575745,True,4,False,4,0.0,False,
47,3393,89,False,False,0,5348.96329742656,-2361.639892578125,-4.25,93.13999938964844,-7627.9998779296875,1.0999999940395355,0.0,2.199999988079071,-5999.1998291015625,-95.9000015258789,0.0,1.0803726369168773,-2.166945069623062,-1.4544254279735933,bf81d8692db,games5425898691,19.0,-2502.139892578125,-171.14999389648438,17.010000228881836,13913.800048828125,17360.6005859375,2.3999999463558197,0.19999999552965164,0.0,-2300.5999755859375,128.0,0.0,True,0.009592257274529201,0.8034039365987937,-0.00018644219085436626,True,152.0,False,False,False,False,,76561198039309853,enpitsu,25.0,-2114.6201171875,-305.8399963378906,17.049999237060547,-2235.500030517578,1084.8999786376953,2.5,1.8000000715255737,2.3000000417232513,-11.499999761581421,255.0,128.0,,0.017041576163242596,2.685920423991536,5.2665079745130195e-05,True,0.0,False,2,False,2,,NoName,76561198970226147,6,-598.9299926757812,381.25,17.010000228881836,868.3000183105469,9343.099975585938,2.3999999463558197,-0.09999999776482582,0.0,-2463.0999755859375,255.0,0.0,,0.009514183148394154,1.4324105509188891,5.985014011509096e-06,True,0.0,False,4,4,False,,RaptorD_,bd3208e58fb,13.0,1943.8399658203125,4906.8798828125,16.729999542236328,-14397.80029296875,-3461.4999389648438,29.800000190734863,96.19999885559082,23.69999885559082,-2.3999999463558197,215.0,128.0,False,0.008339909628453612,-2.904288512460412,0.00847553914114673,True,4,False,4,188.86873952547708,True,
48,3487,92,False,False,0,3181.935678150658,1813.97998046875,3472.449951171875,111.37000274658203,6004.69970703125,-9573.400268554688,5983.499755859375,4701.199951171875,2948.699951171875,2281.0000610351562,0.0,0.7433342710724375,0.7125551354470647,0.8772739684495651,bf81d8692db,games5425898691,20.0,1907.280029296875,3352.10009765625,167.6699981689453,1445.7000732421875,22920.50048828125,1247.5,-4674.5001220703125,-2762.9998779296875,-874.1999816894531,255.0,229.0,,-0.397362001420147,1.3564349567263192,-0.1171064630341145,True,51.0,False,4,3,False,,76561198039309853,enpitsu,25.0,-2354.77001953125,1364.239990234375,96.7699966430664,14458.399658203125,10988.699951171875,-152.89999961853027,-3314.5001220703125,4388.999938964844,-0.7999999821186066,128.0,128.0,,-0.560752829227483,-2.4948470214629537,-3.1414120704212456,True,255.0,False,4,False,4,,NoName,76561198970226147,6,3540.030029296875,17.6299991607666,17.010000228881836,12669.3994140625,5777.0001220703125,2.3000000417232513,-0.7999999821186066,-0.29999999329447746,2148.6000061035156,255.0,255.0,,0.009568679561508845,0.48793227618503965,8.582778527929503e-05,True,255.0,False,4,4,False,,RaptorD_,bd3208e58fb,13.0,363.04998779296875,4725.81982421875,508.04998779296875,-3249.7000122070312,464.70001220703125,-4706.300048828125,516.3000106811523,-68.00000190734863,116.00000381469727,128.0,128.0,,0.616368289544835,-1.5433756336264055,0.27660575020887396,True,4,4,6,128.0,False,
49,3527,94,False,False,1,9938.93843006613,-287.69000244140625,-4728.2001953125,98.33999633789062,-6693.599853515625,-264.6999931335449,1708.9999389648438,3518.800048828125,4692.9998779296875,1261.9999694824219,1.0,-0.07488772003041504,-0.4192747186833031,-1.5885212195640908,bd3208e58fb,RaptorD_,13.0,-144.1199951171875,-4829.7900390625,88.61000061035156,-4473.999938964844,-754.8999786376953,2373.000030517578,-1493.800048828125,-5289.2999267578125,202.70000457763672,128.0,246.0,,-0.12425556198465668,1.6647538335607759,-0.5920210281651588,True,128.0,False,8,5,4,,76561198970226147,NoName,6.0,-3755.580078125,-2149.39990234375,17.0,2574.1000366210938,-16365.50048828125,4.000000059604645,0.29999999329447746,11.399999856948853,5.0,255.0,128.0,,-0.009467454961746254,-1.7273657735054122,0.0005743163210769836,True,219.0,False,4,False,4,,enpitsu,76561198039309853,24,818.6599731445312,-3182.75,17.049999237060547,-10523.299560546875,-9951.199951171875,3.100000023841858,-0.09999999776482582,-0.0,-2103.699951171875,255.0,128.0,,-0.01677679705194083,-0.6967400342642265,-3.115578814496558e-05,True,255.0,False,4,4,False,,games5425898691,bf81d8692db,19.0,-2500.81005859375,-5102.0,166.9499969482422,-7769.69970703125,230.10000228881836,-2934.5999145507812,778.8999938964844,-510.40000915527344,-75.99999904632568,255.0,128.0,,-0.37375006114899767,0.013969783184780963,1.5340465291049052,True,4,False,4,51.0,False,
50,3572,96,False,False,1,10172.202057524682,-1163.760009765625,-4821.47998046875,93.1500015258789,-16489.89990234375,6125.999755859375,966.3999938964844,3380.8999633789062,600.8000183105469,-4920.199890136719,1.0,-0.5973279721867867,1.9128683883138027,2.484530907594218,bd3208e58fb,RaptorD_,13.0,-1016.9299926757812,-4914.41015625,109.45999908447266,-15550.2001953125,-861.6999816894531,1970.0,151.99999809265137,-5492.9998779296875,-230.49999237060547,128.0,128.0,,-0.9328952712106094,-0.15985472911663243,0.029649619618181387,True,71.68859356449497,True,10,7,4,,76561198970226147,NoName,6.0,-2735.6298828125,-4568.60986328125,17.0,8153.699951171875,-13235.6005859375,3.400000035762787,1.899999976158142,-3.100000023841858,1177.5,255.0,252.0,,-0.009594136159322593,-2.129848361764187,0.00011866115805093727,True,250.0,False,4,False,4,,enpitsu,76561198039309853,25,-1276.56005859375,-4595.02978515625,22.020000457763672,-6280.3997802734375,-12213.199462890625,2999.8001098632812,3.400000035762787,-12.599999904632568,897.6000213623047,0.0,255.0,,-0.017072840954143114,-1.1209136893748715,-5.578148359465227e-05,True,224.0,False,5,6,False,,games5425898691,bf81d8692db,19.0,-3382.800048828125,-3135.030029296875,107.9000015258789,-489.3000030517578,21527.5,826.3999938964844,-5407.8997802734375,997.0999908447266,-98.29999923706055,255.0,128.0,,-1.208143752783272,1.8003674480750211,-0.04919546740983498,False,5,False,6,4.0,False,
51,3575,96,False,False,0,2203.293169085137,1284.3900146484375,4823.14013671875,131.50999450683594,8466.199951171875,-4229.2999267578125,4326.199951171875,-3106.9000244140625,480.09998321533203,-5110.299987792969,0.0,0.3492876226739374,-1.9078786615057617,2.714147028160872,76561198039309853,enpitsu,25.0,1375.5799560546875,4747.60986328125,66.94999694824219,3760.7998657226562,3359.2999267578125,1567.7999877929688,2846.9000244140625,1729.4000244140625,-3353.699951171875,0.0,255.0,,-0.043488112421525726,0.9310252883541734,0.5119670833886969,True,224.0,False,6,5,False,,bf81d8692db,games5425898691,19.0,3391.409912109375,2758.3701171875,106.4800033569336,491.3999938964844,-21500.6005859375,-166.20000839233398,5406.6998291015625,-1003.7999725341797,-96.99999809265137,255.0,128.0,,0.6668400607267032,1.4011179754710417,-3.119076883281914,False,4.0,False,6,False,5,,NoName,76561198970226147,6,2662.409912109375,4674.89990234375,17.0,-9335.999755859375,12308.900146484375,3.400000035762787,1.5999999642372131,-2.199999988079071,1607.8999328613281,255.0,150.0,,0.009594143008739266,2.2615224582676254,0.0001517725766448032,True,250.0,False,4,4,False,,RaptorD_,bd3208e58fb,13.0,1121.8399658203125,4920.35986328125,115.9800033569336,15834.69970703125,916.5000152587891,-66.5999984741211,-650.9999847412109,5459.6002197265625,135.39999961853027,128.0,128.0,,1.411605241589437,0.3309855175819566,0.2084579606684227,True,7,4,10,67.0,False,
52,3576,96,False,False,1,10207.620440948687,-1299.47998046875,-4828.72021484375,147.66000366210938,-7332.39990234375,1876.6999816894531,4096.300048828125,3080.7998657226562,-211.10000610351562,-5144.2999267578125,1.0,-0.31713408810812416,1.9965659128041042,2.680034102773454,bd3208e58fb,RaptorD_,13.0,-1226.0699462890625,-4961.330078125,121.0,-9468.699951171875,-5863.3001708984375,1084.5999908447266,3003.5000610351562,-4191.400146484375,-1913.0999755859375,128.0,128.0,,-1.1678446223039658,2.684335582753565,-2.690619685722804,True,67.0,False,10,7,4,,76561198970226147,NoName,6.0,-2572.739990234375,-4784.1298828125,17.0,9958.400268554688,-11738.499755859375,3.400000035762787,-3.100000023841858,3.1999999284744263,-536.1999893188477,255.0,39.0,,-0.009603337916112816,-2.3093173922377965,-0.0002511049224718863,True,250.0,False,4,False,4,,enpitsu,76561198039309853,25,-1375.5799560546875,-4747.60986328125,66.94999694824219,-3760.7998657226562,-3359.2999267578125,1567.7999877929688,-2846.9000244140625,-1729.4000244140625,-3353.699951171875,0.0,255.0,,0.043488112421525726,-0.9310252883541734,0.5119670833886969,True,224.0,False,5,6,False,,games5425898691,bf81d8692db,19.0,-3391.409912109375,-2758.3701171875,106.4800033569336,-491.3999938964844,21500.6005859375,-166.20000839233398,-5406.6998291015625,1003.7999725341797,-96.99999809265137,255.0,128.0,,-0.6668400607267032,-1.4011179754710417,-3.119076883281914,False,5,False,6,4.0,False,
53,3577,96,False,False,0,2232.0576192952153,1315.0699462890625,4834.6298828125,161.72000122070312,2814.5001220703125,3807.0999145507812,4546.300048828125,1780.5000305175781,2940.2999877929688,-1661.300048828125,0.0,0.2970744556550275,-2.1041228431609276,2.600247359626265,76561198039309853,enpitsu,25.0,1375.5799560546875,4747.60986328125,66.94999694824219,3760.7998657226562,3359.2999267578125,1567.7999877929688,2846.9000244140625,1729.4000244140625,-3353.699951171875,0.0,255.0,,-0.043488112421525726,0.9310252883541734,0.5119670833886969,True,224.0,False,6,5,False,,bf81d8692db,games5425898691,19.0,3391.409912109375,2758.3701171875,106.4800033569336,491.3999938964844,-21500.6005859375,-166.20000839233398,5406.6998291015625,-1003.7999725341797,-96.99999809265137,255.0,128.0,,0.6668400607267032,1.4011179754710417,-3.119076883281914,False,4.0,False,6,False,5,,NoName,76561198970226147,6,2572.739990234375,4784.1298828125,17.0,-9958.400268554688,11738.499755859375,3.400000035762787,3.100000023841858,-3.1999999284744263,-536.1999893188477,255.0,39.0,,0.009603337916112816,2.3093173922377965,-0.0002511049224718863,True,250.0,False,4,4,False,,RaptorD_,bd3208e58fb,13.0,1226.0699462890625,4961.330078125,121.0,9468.699951171875,5863.3001708984375,1084.5999908447266,-3003.5000610351562,4191.400146484375,-1913.0999755859375,128.0,128.0,,1.1678446223039658,-2.684335582753565,-2.690619685722804,True,7,4,10,67.0,False,
54,3592,96,False,False,0,2361.993182389773,1463.1099853515625,5023.330078125,307.6300048828125,1543.3000183105469,-2245.2000427246094,202.90000915527344,-341.3999938964844,2940.2999877929688,1692.2000122070312,0.0,-0.6556228209709084,-2.9224353169870816,1.0637931562556247,76561198039309853,enpitsu,25.0,1635.7099609375,4863.1201171875,73.76000213623047,4419.5001220703125,1873.6000061035156,-154.7000026702881,-567.2999954223633,-4433.500061035156,-3204.89990234375,128.0,255.0,,-0.11986459538201745,2.025256420966655,2.36409554227136,True,224.0,False,6,6,False,,bf81d8692db,games5425898691,19.0,3421.550048828125,1492.22998046875,74.80000305175781,501.30001068115234,-21450.2001953125,-1782.5,2427.100067138672,-449.70001220703125,-42.69999980926514,255.0,128.0,,-0.4893620369413661,-1.7447356059780499,-0.02010801391929208,False,4.0,False,6,False,6,,NoName,76561198970226147,6,2184.699951171875,5103.10986328125,358.4200134277344,-5604.89990234375,-32.00000047683716,7875.9002685546875,-76.5999984741211,-1907.4000549316406,3.400000035762787,128.0,255.0,,-0.8543373708838929,3.1319122720369648,-1.565717195272792,True,250.0,False,4,4,False,,RaptorD_,bd3208e58fb,13.0,1679.4200439453125,5054.8798828125,147.3800048828125,6720.2001953125,-277.5,-865.9999847412109,-2055.5999755859375,3671.4999389648438,1221.6999816894531,128.0,0.0,,-0.5514705053161193,1.5454725132701375,-0.0868418431906972,True,8,4,10,67.0,False,
55,3628,98,False,False,0,2572.454333036722,1646.72998046875,4750.06982421875,177.57000732421875,-7791.500244140625,-7560.8001708984375,3485.0,460.2000045776367,682.5,-3120.0,0.0,0.08086976235040165,1.364033870621249,0.08939002178638518,76561198039309853,enpitsu,25.0,1802.8699951171875,4816.7099609375,88.41000366210938,-2468.8999938964844,-8806.400146484375,2151.3999938964844,5293.2000732421875,977.5,1129.5999908447266,0.0,128.0,,-0.4162898257242413,1.857456598843244,-0.19328199126619625,True,224.0,False,8,7,False,,bf81d8692db,games5425898691,19.0,3367.77001953125,-1322.8699951171875,89.0999984741211,-260.6999969482422,-20642.80029296875,-1877.5,2320.8999633789062,377.40001678466797,-34.000000953674316,255.0,128.0,,-0.473065561201377,-1.401708557829792,-0.016414473673430737,False,4.0,False,8,False,8,,NoName,76561198970226147,6,1829.1700439453125,5102.990234375,521.280029296875,-346.89998626708984,-2.7000001072883606,-3052.60009765625,0.0,190.79999923706055,0.0,128.0,128.0,,0.1517598175456898,3.1318853153425072,-1.5722734945239116,True,250.0,False,4,4,False,,RaptorD_,bd3208e58fb,13.0,1868.6500244140625,5021.2001953125,36.81999969482422,-5166.400146484375,859.0000152587891,501.5999984741211,944.7000122070312,271.9000053405762,-1954.2999267578125,0.0,251.0,,0.19436196349879223,-0.43919564057922283,0.43054708533629,True,8,4,10,67.0,False,
