,frame,time,goal,shot,is_orange,distanceToGoal,ball_pos_x,ball_pos_y,ball_pos_z,ball_vel_x,ball_vel_y,ball_vel_z,ball_ang_vel_x,ball_ang_vel_y,ball_ang_vel_z,ball_hit_team_no,ball_rot_x,ball_rot_y,ball_rot_z,shot_taker_id,shot_taker_name,shot_taker_ping,shot_taker_pos_x,shot_taker_pos_y,shot_taker_pos_z,shot_taker_vel_x,shot_taker_vel_y,shot_taker_vel_z,shot_taker_ang_vel_x,shot_taker_ang_vel_y,shot_taker_ang_vel_z,shot_taker_throttle,shot_taker_steer,shot_taker_handbrake,shot_taker_rot_x,shot_taker_rot_y,shot_taker_rot_z,shot_taker_ball_cam,shot_taker_jump_active,shot_taker_dodge_active,shot_taker_boost,shot_taker_boost_active,shot_taker_double_jump_active,shot_taker_boost_collect,team_mate_id,team_mate_name,team_mate_ping,team_mate_pos_x,team_mate_pos_y,team_mate_pos_z,team_mate_vel_x,team_mate_vel_y,team_mate_vel_z,team_mate_ang_vel_x,team_mate_ang_vel_y,team_mate_ang_vel_z,team_mate_throttle,team_mate_steer,team_mate_handbrake,team_mate_rot_x,team_mate_rot_y,team_mate_rot_z,team_mate_ball_cam,team_mate_jump_active,team_mate_dodge_active,team_mate_boost,team_mate_boost_active,team_mate_double_jump_active,team_mate_boost_collect,opp_1_name,opp_1_id,opp_1_ping,opp_1_pos_x,opp_1_pos_y,opp_1_pos_z,opp_1_vel_x,opp_1_vel_y,opp_1_vel_z,opp_1_ang_vel_x,opp_1_ang_vel_y,opp_1_ang_vel_z,opp_1_throttle,opp_1_steer,opp_1_handbrake,opp_1_rot_x,opp_1_rot_y,opp_1_rot_z,opp_1_ball_cam,opp_1_boost,opp_1_boost_active,opp_1_jump_active,opp_1_dodge_active,opp_1_double_jump_active,opp_1_boost_collect,opp_2_name,opp_2_id,opp_2_ping,opp_2_pos_x,opp_2_pos_y,opp_2_pos_z,opp_2_vel_x,opp_2_vel_y,opp_2_vel_z,opp_2_ang_vel_x,opp_2_ang_vel_y,opp_2_ang_vel_z,opp_2_throttle,opp_2_steer,opp_2_handbrake,opp_2_rot_x,opp_2_rot_y,opp_2_rot_z,opp_2_ball_cam,opp_2_dodge_active,opp_2_double_jump_active,opp_2_jump_active,opp_2_boost,opp_2_boost_active,opp_2_boost_collect
0,167,0,False,False,0,5212.002741363667,-0.9800000190734863,5.420000076293945,94.16999816894531,6672.1002197265625,15804.100341796875,3522.39990234375,1505.3999328613281,1728.6000061035156,-5544.7998046875,0.0,0.04062898522666807,-0.12334570474478553,0.03120009121712928,b9ad85af2263477f92804097fd3cf807,NGK_RL,16.0,-65.87000274658203,-150.77999877929688,37.790000915527344,-10706.700439453125,19379.599609375,1629.2999267578125,1379.7000122070312,-4139.100036621094,126.00000381469727,255.0,255.0,,0.039902586261663806,1.95600317447999,-0.3725157270873417,True,6,4,0.0,False,False,,bbe9a7b10db,么ＯＬＹＭＰＵＳs,10.0,-2101.719970703125,-4195.419921875,19.270000457763672,-17598.199462890625,-4758.0999755859375,-1508.0000305175781,2640.1998901367188,-2819.89990234375,2161.7999267578125,255.0,92.0,False,-0.08136061177100253,-2.929455688018497,0.017380276260302897,False,4,4,16.0,False,False,,enpitsu,76561198039309853,27,66.05000305175781,3850.530029296875,17.049999237060547,-1119.000015258789,-8902.2998046875,3.1999999284744263,0.29999999329447746,0.5999999865889549,-0.7999999821186066,255.0,128.0,False,0.016645644827803417,-1.696043443078578,5.708973547269878e-05,True,116.0,False,False,False,False,,games5425898691,bf81d8692db,21.0,-20.15999984741211,579.1500244140625,21.979999542236328,522.599983215332,-19209.100341796875,2998.599853515625,0.0,0.0,-2000.5999755859375,255.0,0.0,,0.009584747715806353,-1.618101478508926,-2.0694415221213212e-05,True,False,False,3,22.0,False,
1,206,1,False,False,1,7443.036392296802,-913.4199829101562,-2079.75,138.5500030517578,-11353.800048828125,25276.59912109375,8917.899780273438,5901.099853515625,-740.5999755859375,-792.0999908447266,1.0,0.46853508132710747,1.8523405875516006,-1.0154905010523885,76561198039309853,enpitsu,27.0,-828.760009765625,-2309.590087890625,69.66000366210938,-13443.399658203125,18016.800537109375,3382.9000854492188,-2712.2000122070312,-800.4000091552734,-1414.4000244140625,128.0,128.0,False,-0.0942929827076946,0.757857911534305,0.010881007922708602,True,2,1,79.0,False,False,,bf81d8692db,games5425898691,21.0,573.0800170898438,2518.530029296875,16.75,3686.7999267578125,22138.40087890625,58.00000190734863,-10.299999713897705,-70.50000190734863,-522.5,255.0,0.0,,-0.009710734051482917,1.7189229856057608,0.003846794631049614,False,4,4,22.0,False,False,,么ＯＬＹＭＰＵＳs,bbe9a7b10db,10,2635.1201171875,3460.1298828125,17.020000457763672,-11613.399658203125,2223.2000732421875,1.7000000178813934,-0.3999999910593033,-0.0,-2298.8999938964844,255.0,88.0,False,-0.009549499588249737,0.2542487261729641,3.5784666240150805e-05,True,255.0,False,4,4,False,,NGK_RL,b9ad85af2263477f92804097fd3cf807,16.0,2446.949951171875,-1717.8399658203125,17.020000457763672,20705.90087890625,-2094.199981689453,2.5999999046325684,-0.7999999821186066,0.19999999552965164,2000.0,255.0,255.0,,-0.009577108922250737,-3.1179249465975345,5.391205317880866e-05,False,6,False,6,0.0,False,
2,311,5,True,True,1,3440.033650713639,-2135.139892578125,3513.340087890625,137.64999389648438,14723.499755859375,11890.2001953125,5905.5999755859375,5765.10009765625,1347.5,973.1999969482422,1.0,-0.5940032350305975,2.99989909285195,2.5321182753889464,76561198039309853,enpitsu,27.0,-2217.679931640625,3357.7099609375,16.229999542236328,13542.7001953125,9829.500122070312,-910.1000213623047,-2576.6000366210938,756.2000274658203,412.90000915527344,0.0,128.0,,-0.03533750292636269,2.467489632280507,-0.012697995805761662,True,2,2,198.0,False,False,,bf81d8692db,games5425898691,21.0,2424.1298828125,2041.31005859375,82.91999816894531,753.8999938964844,-15734.100341796875,-430.8000183105469,4744.5001220703125,311.1000061035156,2.3999999463558197,255.0,128.0,,1.2858447947425564,-1.6342813239982183,0.002146427914398031,,6,6,,False,False,,么ＯＬＹＭＰＵＳs,bbe9a7b10db,10,2688.0,4607.75,33.52000045776367,-0.19999999552965164,-55.0,-540.9999847412109,-0.0,-0.0,-759.0000152587891,255.0,,,-1.3266681147901744e-07,-1.5360167658608141,7.6282408526469625e-06,,85.0,False,False,False,False,,NGK_RL,b9ad85af2263477f92804097fd3cf807,15.0,282.1499938964844,4545.52001953125,17.010000228881836,-21004.7998046875,4830.4998779296875,2.800000011920929,1.0000000149011612,-0.0,1795.2999877929688,255.0,255.0,,-0.009613599742058046,0.172888454817662,0.00014700632136205603,True,8,False,8,211.0,False,
3,601,6,False,False,0,5203.590353930733,-8.569999694824219,12.640000343322754,92.5999984741211,-13106.700439453125,24468.9990234375,1963.8999938964844,-1423.0999755859375,-972.3999786376953,-5747.0001220703125,0.0,-0.010424566372943662,-0.05904725302277691,-0.014335015088737727,bbe9a7b10db,么ＯＬＹＭＰＵＳs,10.0,104.20999908447266,-190.61000061035156,56.06999969482422,-17950.0,14154.7998046875,2515.8999633789062,985.4000091552734,-5410.7000732421875,-54.699997901916504,255.0,252.0,True,0.06704457594768168,2.0163803131320304,-0.15089608969235105,True,6,5,0.0,False,False,,b9ad85af2263477f92804097fd3cf807,NGK_RL,14.0,1992.75,-4348.77978515625,122.58000183105469,16544.599609375,-4202.200012207031,-1803.699951171875,2326.9000244140625,-1195.1000213623047,-355.60001373291016,255.0,128.0,,0.14662427343697443,-0.478467154846256,-0.3315114902015025,True,4,4,31.0,False,False,,enpitsu,76561198039309853,27,-138.24000549316406,332.760009765625,96.44000244140625,11349.100341796875,-19864.69970703125,2358.699951171875,3567.9998779296875,1563.8999938964844,-813.7000274658203,255.0,0.0,,0.285937826568247,-0.801409404701705,0.010034198858361355,True,0.0,False,2,1,False,,games5425898691,bf81d8692db,21.0,-2029.25,3672.300048828125,17.010000228881836,-18272.39990234375,9838.300170898438,2.5,0.5999999865889549,-0.19999999552965164,-11.90000057220459,255.0,128.0,,0.009602807342965229,2.646063212807042,5.829479742386483e-05,True,False,False,False,0.0,False,
4,602,6,False,True,1,5304.057758984311,61.880001068115234,-98.05999755859375,101.5999984741211,-1606.6000366210938,28376.69921875,3538.3999633789062,3460.2999877929688,1433.0999755859375,-4687.39990234375,1.0,0.09778454207937529,0.3636565129239951,-0.10761127681162264,76561198039309853,enpitsu,27.0,138.24000549316406,-332.760009765625,96.44000244140625,-11349.100341796875,19864.69970703125,2358.699951171875,-3567.9998779296875,-1563.8999938964844,-813.7000274658203,255.0,0.0,,-0.285937826568247,0.801409404701705,0.010034198858361355,True,2,1,0.0,False,False,,bf81d8692db,games5425898691,21.0,2029.25,-3672.300048828125,17.010000228881836,18272.39990234375,-9838.300170898438,2.5,-0.5999999865889549,0.19999999552965164,-11.90000057220459,255.0,128.0,,-0.009602807342965229,-2.646063212807042,5.829479742386483e-05,True,False,False,0.0,False,False,,么ＯＬＹＭＰＵＳs,bbe9a7b10db,10,9.010000228881836,105.4000015258789,71.48999786376953,16456.99951171875,-12066.099853515625,2140.0999450683594,-2127.7000427246094,4975.7000732421875,-981.9999694824219,255.0,252.0,True,-0.011980781518677392,-1.9066527749818327,-0.6018543209683338,True,0.0,False,6,5,False,,NGK_RL,b9ad85af2263477f92804097fd3cf807,14.0,-2130.85009765625,4383.91015625,105.04000091552734,-16592.60009765625,4227.200012207031,-2352.7000427246094,-1520.0,879.4999694824219,-138.69999885559082,255.0,130.0,,-0.1464594365735222,0.4752743213784026,-0.15405148050697087,True,4,False,4,31.0,False,
5,604,6,False,False,0,5131.571113048804,-76.9800033569336,74.20999908447266,142.50999450683594,1973.3999633789062,2004.2999267578125,5521.9000244140625,-2716.7999267578125,-1510.2999877929688,-5131.9000244140625,0.0,-0.46853788457134976,-0.801142531585656,-0.4303351299118706,bbe9a7b10db,么ＯＬＹＭＰＵＳs,10.0,-147.9600067138672,-58.849998474121094,89.47000122070312,-14550.899658203125,2386.199951171875,628.8000106811523,1640.0999450683594,-4492.799987792969,-2715.4998779296875,255.0,255.0,True,-0.32415201147921435,1.7247807047353283,-1.2724877136750645,True,6,5,0.0,False,False,,b9ad85af2263477f92804097fd3cf807,NGK_RL,14.0,2130.85009765625,-4383.91015625,105.04000091552734,16592.60009765625,-4227.200012207031,-2352.7000427246094,1520.0,-879.4999694824219,-138.69999885559082,255.0,130.0,,0.1464594365735222,-0.4752743213784026,-0.15405148050697087,True,4,4,24.692688403591035,True,False,,enpitsu,76561198039309853,27,-59.68000030517578,228.27999877929688,111.26000213623047,8240.399780273438,-7259.69970703125,1571.3999938964844,5234.69970703125,-472.59998321533203,-1619.9000549316406,255.0,0.0,,0.7978708174575007,-0.6805507046808321,0.6696604288969269,True,0.0,False,2,1,False,,games5425898691,bf81d8692db,21.0,-2181.419921875,3754.43994140625,17.010000228881836,-18255.6005859375,9868.499755859375,2.5,0.5999999865889549,-0.19999999552965164,-3.3000001311302185,255.0,128.0,,0.009602822357526661,2.645528925507797,5.5729547518079785e-05,True,False,False,False,0.0,False,
6,605,6,False,False,1,5280.346201462605,70.5,-75.41999816894531,160.60000610351562,1004.8999786376953,9652.7001953125,5646.6998291015625,4312.200012207031,1010.0,-4047.6998901367188,1.0,0.5943645086494268,0.9567255770097212,-0.4733012138899716,76561198039309853,enpitsu,27.0,59.68000030517578,-228.27999877929688,111.26000213623047,-8240.399780273438,7259.69970703125,1571.3999938964844,-5234.69970703125,472.59998321533203,-1619.9000549316406,255.0,0.0,,-0.7978708174575007,0.6805507046808321,0.6696604288969269,True,2,1,0.0,False,False,,bf81d8692db,games5425898691,21.0,2181.419921875,-3754.43994140625,17.010000228881836,18255.6005859375,-9868.499755859375,2.5,-0.5999999865889549,0.19999999552965164,-3.3000001311302185,255.0,128.0,,-0.009602822357526661,-2.645528925507797,5.5729547518079785e-05,True,False,False,0.0,False,False,,么ＯＬＹＭＰＵＳs,bbe9a7b10db,10,147.9600067138672,58.849998474121094,89.47000122070312,14550.899658203125,-2386.199951171875,628.8000106811523,-1640.0999450683594,4492.799987792969,-2715.4998779296875,255.0,255.0,True,0.32415201147921435,-1.7247807047353283,-1.2724877136750645,True,0.0,False,6,5,False,,NGK_RL,b9ad85af2263477f92804097fd3cf807,14.0,-2286.590087890625,4424.4501953125,79.94999694824219,-17383.199462890625,4613.299865722656,-3058.5000610351562,-593.8999938964844,1607.5,867.0999908447266,255.0,220.0,,-0.08340988759077438,0.4193814907935961,-0.020537713634016692,True,4,False,4,21.597574300663446,True,
7,696,10,False,True,1,2711.809522570871,361.0400085449219,2481.47998046875,146.77000427246094,-4080.0,12692.2998046875,3697.60009765625,2884.2001342773438,3550.2999877929688,-3257.0001220703125,1.0,-0.45182389579868043,0.8564474079158746,2.324342216104141,76561198039309853,enpitsu,27.0,449.7200012207031,2320.9599609375,17.059999465942383,-3480.5999755859375,13302.80029296875,2.3999999463558197,-0.0,-0.19999999552965164,2230.0,255.0,128.0,,-0.016751239750971224,1.2513023061524848,1.7384850812156904e-05,True,2,2,22.0,False,False,,bf81d8692db,games5425898691,21.0,3022.239990234375,1207.1700439453125,17.010000228881836,-8922.7001953125,17529.49951171875,2.5999999046325684,-1.2999999523162842,2.800000011920929,890.5000305175781,255.0,244.0,,-0.009589901339201195,1.0961376732684622,0.00010613783901689627,True,False,False,171.0,False,False,,么ＯＬＹＭＰＵＳs,bbe9a7b10db,10,3475.97998046875,2204.300048828125,94.1500015258789,-6975.5999755859375,21916.201171875,-141.09999656677246,-1211.6000366210938,-4988.900146484375,-1972.8999328613281,245.0,216.0,False,0.439125854896916,1.8438395834561903,1.4195155181396475,True,158.0,False,8,7,False,,NGK_RL,b9ad85af2263477f92804097fd3cf807,14.0,-747.0,4904.58984375,17.020000457763672,14346.099853515625,-2640.4998779296875,1.5999999642372131,-0.7000000029802322,1.8000000715255737,-1455.0,0.0,1.0,False,-0.00984940918490998,-2.9265751878744117,-9.171664831448893e-05,True,4,False,4,201.0,False,
8,718,11,True,True,1,1876.554927824818,49.08000183105469,3465.429931640625,234.16000366210938,2989.5999145507812,17203.599853515625,1146.2999725341797,1879.6000671386719,3193.3999633789062,-52.800002098083496,1.0,-0.9897007836534564,-2.237236610350508,-1.888776944590556,76561198039309853,enpitsu,27.0,-45.720001220703125,3265.10009765625,150.50999450683594,-77.10000038146973,13964.89990234375,3168.2000732421875,1485.8000183105469,5253.4002685546875,-666.2999725341797,,0.0,,-0.062364021595529645,1.889986841880157,0.6258880764104697,True,4,3,22.0,False,False,,bf81d8692db,games5425898691,21.0,2034.449951171875,2385.02001953125,17.010000228881836,-16401.500244140625,12469.100341796875,2.800000011920929,0.5999999865889549,-0.5000000074505806,1870.0,255.0,255.0,,-0.009581182479986244,0.5904018185426426,0.0001144974025738756,True,False,False,159.0,False,False,,么ＯＬＹＭＰＵＳs,bbe9a7b10db,10,2956.070068359375,3847.0,16.829999923706055,-11333.199462890625,17787.2998046875,51.10000133514404,30.499999523162842,-55.70000171661377,2080.0999450683594,255.0,255.0,,-0.00919526979234728,0.9147591299370741,0.0037659580630703955,True,158.0,False,8,8,False,,NGK_RL,b9ad85af2263477f92804097fd3cf807,14.0,-273.0199890136719,4340.669921875,64.62999725341797,2721.0000610351562,-13056.099853515625,3868.800048828125,-670.5000305175781,-92.29999542236328,-127.5,255.0,128.0,,0.03208391624075934,-1.6796670418438209,0.002225366848999094,True,4,False,5,172.91482173499244,True,
9,1005,12,False,False,1,5181.541583955633,-14.600000381469727,39.099998474121094,91.88999938964844,-10309.000244140625,23127.19970703125,489.90001678466797,-2982.0999145507812,-49.89999771118164,3944.2001342773438,1.0,0.0055150862463606565,-0.06558609633008959,0.03991079096225888,bf81d8692db,games5425898691,21.0,90.06999969482422,-41.59000015258789,98.5199966430664,4336.099853515625,20156.300048828125,18.200000524520874,-4725.4998779296875,-895.6999969482422,2667.6998901367188,128.0,238.0,,-1.2659091078931284,-2.3864635827161194,-2.7060545474504374,True,4,3,31.0,False,False,,76561198039309853,enpitsu,27.0,-0.0,-2574.25,17.049999237060547,-0.0,11703.199462890625,3.1999999284744263,0.5000000074505806,-0.0,0.0,255.0,,,-0.016762095272221007,1.5708176461311425,-1.7875980167196798e-07,True,False,False,146.0,False,False,,么ＯＬＹＭＰＵＳs,bbe9a7b10db,10,295.6600036621094,917.3699951171875,62.040000915527344,3203.800048828125,-22751.69921875,-1044.800033569336,1062.7999877929688,2571.300048828125,-364.39998626708984,255.0,168.0,False,0.27518260636717484,-1.035114553032179,0.8010090638421878,True,0.0,False,4,4,False,,NGK_RL,b9ad85af2263477f92804097fd3cf807,14.0,2723.219970703125,4997.06005859375,34.150001525878906,-17426.199951171875,10066.699829101562,1913.5000610351562,3259.2001342773438,-493.8999938964844,2843.2998657226562,255.0,255.0,False,0.07029952395015084,0.47791581340668304,-0.44658308044122125,True,4,False,4,195.45310090946896,True,
10,1063,14,False,False,0,9901.591858693202,1930.719970703125,-4349.52978515625,103.18000030517578,8251.099853515625,17663.499755859375,11053.399658203125,4699.4000244140625,-746.6000366210938,3654.8001098632812,0.0,0.6721923220355461,0.5564406930027287,-0.06381623632676782,b9ad85af2263477f92804097fd3cf807,NGK_RL,14.0,1798.469970703125,-4591.5400390625,17.0,18768.299560546875,13294.599609375,1.5999999642372131,0.7000000029802322,0.3999999910593033,1632.2000122070312,255.0,255.0,False,0.009594081879484795,0.662756308637876,8.895949007111832e-05,True,4,4,55.59704087113822,True,False,,bbe9a7b10db,么ＯＬＹＭＰＵＳs,10.0,2551.340087890625,547.97998046875,104.44000244140625,22360.2001953125,-5119.2999267578125,-148.29999923706055,-2219.499969482422,5000.0,-567.9999923706055,255.0,162.0,False,-0.4461388641321934,-1.2835778563091198,1.9025075841520824,False,6,5,0.0,False,False,,enpitsu,76561198039309853,27,2800.3798828125,753.4000244140625,17.049999237060547,19233.800048828125,-12526.99951171875,2.8999999165534973,2.7000001072883606,-1.8000000715255737,-628.3000183105469,128.0,0.0,True,0.016784002024477558,-0.6190463834288525,7.557010853191526e-05,True,50.0,False,False,False,False,,games5425898691,bf81d8692db,21.0,1082.5400390625,-3118.110107421875,96.75,19963.499755859375,-7657.80029296875,-161.29999160766602,1085.2999877929688,5391.400146484375,67.10000038146973,255.0,128.0,,0.2668364650884148,2.966100383181123,3.1358845577815204,True,5,False,6,31.0,False,
11,1211,19,False,True,0,4616.964518309229,2916.510009765625,2535.93994140625,123.55000305175781,-12861.500244140625,12086.700439453125,6681.500244140625,91.49999618530273,2891.7001342773438,-1343.0000305175781,0.0,-0.7532326631666914,-0.4579510921534196,-1.6934142309261055,b9ad85af2263477f92804097fd3cf807,NGK_RL,14.0,3046.2900390625,2471.219970703125,21.559999465942383,-10755.400390625,10722.19970703125,2711.7001342773438,1885.0999450683594,-106.30000114440918,2064.600067138672,255.0,128.0,,-0.0003417608880298309,2.3777366562717073,-0.01276347969095985,True,7,4,85.42572062758988,True,False,,bbe9a7b10db,么ＯＬＹＭＰＵＳs,10.0,-1225.010009765625,-2864.610107421875,94.72000122070312,-17675.50048828125,14561.500244140625,2129.499969482422,1701.3999938964844,-5197.0001220703125,588.1999969482422,255.0,222.0,True,0.23414681609878737,2.0285861959071685,-0.9224446751044052,False,10,9,9.082365566684354,True,False,,enpitsu,76561198039309853,27,1452.5,3780.239990234375,17.049999237060547,-3869.8001098632812,7562.60009765625,3.100000023841858,-0.19999999552965164,0.5999999865889549,2.3000000417232513,128.0,128.0,False,0.016864897797834587,2.0441980642303346,-6.008121000450924e-05,True,255.0,False,False,False,False,,games5425898691,bf81d8692db,21.0,2428.5400390625,4956.009765625,17.889999389648438,-16982.60009765625,8265.599975585938,494.00001525878906,1768.3999633789062,626.5999984741211,969.7000122070312,128.0,128.0,,-0.017477943554369966,2.7471188068210792,-0.026806106741767772,True,10,False,10,255.0,False,
12,1243,20,False,True,0,2514.655591012078,1367.3900146484375,4044.300048828125,549.4299926757812,-14614.69970703125,17062.39990234375,2557.100067138672,-685.1999664306641,1173.8999938964844,313.6000061035156,0.0,-0.11007723413300897,-2.3643012573048003,2.2385626795959284,b9ad85af2263477f92804097fd3cf807,NGK_RL,14.0,1419.3499755859375,3919.14990234375,450.1000061035156,-14748.900146484375,15302.19970703125,2865.2999877929688,-1582.1000671386719,3850.4000854492188,3527.60009765625,128.0,157.0,,-0.5165691220418144,2.0315137865029733,-0.8898394060074908,True,8,4,0.0,False,False,,bbe9a7b10db,么ＯＬＹＭＰＵＳs,10.0,-3292.02001953125,-1133.760009765625,16.6200008392334,-18326.199951171875,13216.600341796875,76.79999828338623,-20.69999933242798,24.800000190734863,-1686.6000366210938,128.0,0.0,False,0.010019489216129234,2.473891858457002,-0.00244157927116794,False,10,10,15.0,False,False,,enpitsu,76561198039309853,27,1038.969970703125,4298.8701171875,265.95001220703125,-3644.2001342773438,3086.7999267578125,3945.4998779296875,0.0,0.0,135.39999961853027,128.0,128.0,False,0.017412431399337847,2.5777563646876667,-0.001645206021223235,True,255.0,False,2,False,2,,games5425898691,bf81d8692db,21.0,1116.68994140625,5103.2900390625,203.25,-9908.800048828125,-53.29999923706055,4036.6000366210938,-124.39999580383301,1253.499984741211,24.90000009536743,255.0,5.0,,-0.41390873348322016,3.1336134077204867,-1.5775713102513163,True,10,False,10,241.0,False,
13,1258,21,False,False,1,10207.30910060114,-565.47998046875,-4962.14013671875,594.030029296875,24431.69921875,7355.8001708984375,5843.0999755859375,1276.6999816894531,1044.4999694824219,-5768.699951171875,1.0,0.7979082261221804,2.131007953178168,1.9451064323597886,bf81d8692db,games5425898691,21.0,-625.5,-5090.60009765625,550.6900024414062,11115.6005859375,963.6000061035156,4629.5001220703125,-1952.2000122070312,868.4999847412109,-3246.099853515625,255.0,192.0,,0.6654361767905019,-2.278443714793115,-1.6908537725904351,True,10,11,241.0,False,False,,76561198039309853,enpitsu,27.0,-841.5,-4466.759765625,382.8299865722656,3505.8999633789062,-3004.7000122070312,351.8000030517578,-1166.500015258789,-1987.5999450683594,49.89999771118164,128.0,128.0,False,0.5981804482900108,-2.6258232353228856,-0.0067514876301680215,True,2,False,255.0,False,2,,么ＯＬＹＭＰＵＳs,bbe9a7b10db,10,3708.8798828125,438.2300109863281,17.020000457763672,611.6999816894531,-15896.99951171875,-0.5999999865889549,-0.0,-0.29999999329447746,-2038.5000610351562,255.0,1.0,False,-0.009583214454936225,-1.542333887421019,-2.1937185128708286e-05,True,2.488498931290002,True,10,10,False,,NGK_RL,b9ad85af2263477f92804097fd3cf807,14.0,-694.239990234375,-4671.39990234375,511.0299987792969,14748.900146484375,-15302.19970703125,-331.8000030517578,3301.300048828125,-4069.5001220703125,1670.2000427246094,128.0,190.0,,0.39690743364527165,-2.3947939672167315,1.6735275780774475,True,4,False,8,0.0,False,
14,1348,24,False,False,0,2809.822458315633,-2436.889892578125,2790.3701171875,290.3399963378906,17898.199462890625,10835.699462890625,5017.0001220703125,4817.099914550781,2453.9999389648438,-2602.39990234375,0.0,0.022008766186990075,-3.048533694906527,0.8587121414072494,bbe9a7b10db,么ＯＬＹＭＰＵＳs,10.0,-2527.43994140625,2661.070068359375,180.33999633789062,10109.69970703125,9750.2001953125,1777.4000549316406,-3726.4999389648438,-2241.9000244140625,-3366.9000244140625,255.0,200.0,True,-0.9117176292178846,0.3758325608485009,-1.9073090113235025,True,12,10,201.47954381409514,True,False,,b9ad85af2263477f92804097fd3cf807,NGK_RL,14.0,-162.8699951171875,4210.56982421875,108.29000091552734,3938.599853515625,-15420.699462890625,1047.2000122070312,5318.800048828125,1399.2999267578125,44.099998474121094,255.0,128.0,,0.14587398924960068,1.8268722167247582,3.133418545828377,True,10,5,0.0,False,False,,enpitsu,76561198039309853,27,183.7100067138672,4988.85009765625,17.059999465942383,-3793.0999755859375,1646.1000061035156,2.5999999046325684,0.7999999821186066,-0.5000000074505806,1688.6000061035156,128.0,255.0,False,0.016841603213074523,2.6761572617695393,6.123688816614228e-05,True,255.0,False,2,False,2,,games5425898691,bf81d8692db,21.0,-1443.739990234375,4238.1298828125,17.020000457763672,10259.599609375,586.8999862670898,1.8000000715255737,0.29999999329447746,0.0,2381.999969482422,255.0,255.0,,0.00954876667628074,0.10958680793467182,-3.276793952468554e-05,True,12,False,10,241.0,False,
15,1384,25,False,False,1,9318.215162113314,188.27000427246094,-4151.2998046875,394.19000244140625,-6960.3997802734375,-12165.899658203125,10052.999877929688,2477.2000122070312,-4711.099853515625,-2768.9999389648438,1.0,0.7282343916980929,-2.8414626126448135,-0.14570163858612528,bf81d8692db,games5425898691,21.0,170.92999267578125,-4133.740234375,206.89999389648438,-3826.9000244140625,3710.7998657226562,2037.2999572753906,241.20000839233398,3830.4998779296875,168.09999465942383,255.0,0.0,,0.9842620290740991,1.6901398701691077,0.8897919780465194,True,12,13,241.0,False,False,,76561198039309853,enpitsu,27.0,-468.54998779296875,-5022.93994140625,17.059999465942383,-4886.9000244140625,-233.89999389648438,1.899999976158142,0.5000000074505806,-0.3999999910593033,0.0,,,,-0.016735467755832116,3.0936970151999232,-4.704827328169435e-05,True,2,False,255.0,False,2,,么ＯＬＹＭＰＵＳs,bbe9a7b10db,10,753.8699951171875,-3945.610107421875,329.4800109863281,-17928.399658203125,-9842.899780273438,-3351.7001342773438,2009.9000549316406,-1977.4000549316406,-1413.699951171875,255.0,56.0,,-0.8326191512239258,1.585351205609204,-1.4424012866296563,True,201.45187091571032,True,12,10,False,,NGK_RL,b9ad85af2263477f92804097fd3cf807,14.0,-426.04998779296875,-2017.25,81.5999984741211,-6197.39990234375,20205.0,-143.00000190734863,-5035.199890136719,-2210.8999633789062,85.9000015258789,255.0,,,-1.5155696705088277,-1.69785349118383,2.854316277246084,True,7,False,12,,False,
16,1554,32,False,False,1,8034.045355914067,-2375.949951171875,-2197.590087890625,188.9600067138672,-11234.599609375,18068.1005859375,6061.5997314453125,4542.0001220703125,3647.39990234375,1437.2000122070312,1.0,1.1084975034121989,2.1551456457790117,-0.3709069017827273,76561198039309853,enpitsu,27.0,-2349.6201171875,-2279.800048828125,77.69000244140625,-13256.500244140625,17095.0,1318.0999755859375,-4704.2999267578125,-2832.0999145507812,-312.1999931335449,255.0,128.0,False,-0.7129159243667446,0.9249801170259233,0.06950316626661512,True,4,1,69.0,False,2,,bf81d8692db,games5425898691,21.0,-504.7200012207031,-5063.75,17.010000228881836,-9378.499755859375,6422.2998046875,2.7000001072883606,-2.800000011920929,1.5999999642372131,-1353.8999938964844,255.0,85.0,,-0.009538367423402805,0.6239620827718879,-0.0001456630409593304,True,12,14,164.0,False,False,,么ＯＬＹＭＰＵＳs,bbe9a7b10db,10,-3555.360107421875,927.3599853515625,17.010000228881836,2890.1998901367188,-7519.2999267578125,3.100000023841858,-0.29999999329447746,-0.0,2466.4999389648438,255.0,255.0,False,-0.009544679938645006,-1.9614515172507678,2.9638679361161215e-05,True,255.0,False,14,12,False,,NGK_RL,b9ad85af2263477f92804097fd3cf807,14.0,-2410.669921875,-266.05999755859375,156.47999572753906,-4597.200012207031,-22509.3994140625,1090.5000305175781,3929.5999145507812,-3373.900146484375,1850.3999328613281,128.0,89.0,False,0.4001928334567907,-2.340383232577002,2.2352672726365483,True,12,False,18,192.60827521611284,True,
17,1638,35,False,False,1,5134.361954463656,-3160.2099609375,1992.1700439453125,159.5,3592.60009765625,21214.7998046875,-5977.0001220703125,-4669.800109863281,2286.6000366210938,2993.900146484375,1.0,0.23047272368965685,-0.16446635255553843,2.8329840089137135,76561198039309853,enpitsu,27.0,-3131.22998046875,1852.1099853515625,256.7799987792969,9512.19970703125,19076.700439453125,178.50000381469727,-3067.9998779296875,4503.699951171875,-744.0000152587891,255.0,128.0,False,-0.7492268164446068,1.2487292640600764,1.0878982948226257,True,6,3,22.0,False,2,,bf81d8692db,games5425898691,21.0,-3357.820068359375,-967.8499755859375,17.010000228881836,5004.800109863281,22089.09912109375,2.5999999046325684,-0.0,-0.0,-27.200000286102295,255.0,128.0,,-0.009590537025907914,1.7965502751415023,3.1445720813542573e-06,True,12,14,239.0,False,False,,么ＯＬＹＭＰＵＳs,bbe9a7b10db,10,-3115.02001953125,3289.419921875,17.010000228881836,743.6000061035156,13950.6005859375,2.5999999046325684,-0.0,-0.29999999329447746,108.50000381469727,255.0,130.0,False,-0.009571356256950056,1.62044085232896,4.474445150412743e-05,True,255.0,False,14,12,False,,NGK_RL,b9ad85af2263477f92804097fd3cf807,14.0,-3348.830078125,-4155.85986328125,16.690000534057617,523.8000106811523,16510.899658203125,76.19999885559082,-42.199997901916504,122.5,-1994.7999572753906,255.0,0.0,False,-0.006511408625279088,1.6690565763760687,-0.008012306315510894,False,14,False,18,61.79661047074104,True,
18,1735,38,False,False,0,9969.0353186018,2162.6201171875,-4348.22998046875,675.239990234375,-4080.7000732421875,13432.2998046875,876.9000244140625,3253.3999633789062,913.6000061035156,-3399.2001342773438,0.0,-0.48094534121972526,-1.291298318644675,-0.47518388060736594,bbe9a7b10db,么ＯＬＹＭＰＵＳs,10.0,2176.949951171875,-4515.60009765625,611.1099853515625,-6711.9000244140625,9927.19970703125,389.90001678466797,-1293.5000610351562,-5266.5997314453125,-916.1000061035156,255.0,250.0,True,-0.2657404595638771,1.6011324743612938,-2.3452386721521217,True,16,12,184.29592266903126,True,False,,b9ad85af2263477f92804097fd3cf807,NGK_RL,14.0,3121.179931640625,-3438.409912109375,108.6500015258789,-12216.400146484375,-19132.19970703125,3703.599853515625,-1626.1000061035156,1429.7999572753906,-2457.899932861328,255.0,128.0,,-0.2418599911699603,-2.576098765677495,0.03899427520339217,True,24,18,0.0,False,False,,enpitsu,76561198039309853,27,3468.18994140625,-4364.35986328125,33.77000045776367,-4961.700134277344,11715.30029296875,-5594.4000244140625,3502.0999145507812,4236.700134277344,-185.6999969482422,255.0,128.0,False,0.34861650773799185,2.00372317779716,-0.11229614893614072,True,22.0,False,6,4,2,,games5425898691,bf81d8692db,22.0,178.9499969482422,-3003.409912109375,17.010000228881836,-9763.499755859375,11990.799560546875,2.800000011920929,-0.5000000074505806,0.5999999865889549,-1921.3999938964844,128.0,0.0,,0.009652544857431654,2.197292698533172,-8.931006006543053e-05,True,14,False,12,255.0,False,
19,1772,40,False,False,0,8120.610978682193,1627.52001953125,-2578.56005859375,214.74000549316406,-3597.9000854492188,16895.999755859375,-4544.5001220703125,2387.7999877929688,-2491.4999389648438,-1530.8000183105469,0.0,-0.4029049360719481,-1.3862607121485673,-0.4227098671240735,bbe9a7b10db,么ＯＬＹＭＰＵＳs,10.0,1653.5999755859375,-2692.0400390625,78.95999908447266,-2385.7000732421875,15957.099609375,-5508.4002685546875,-1045.5999755859375,-3440.1998901367188,-3876.099853515625,255.0,222.0,True,-0.6640491916845255,2.28767660329212,2.016788983931462,False,16,12,89.96516986559796,True,False,,b9ad85af2263477f92804097fd3cf807,NGK_RL,14.0,1691.06005859375,-5102.990234375,306.2900085449219,-10055.10009765625,3.400000035762787,-1974.1000366210938,5.0,-1209.5999908447266,-2.3999999463558197,255.0,57.0,,0.13656976250178463,-3.131788081455745,1.5719253510338596,True,24,18,0.0,False,4,,enpitsu,76561198039309853,27,2615.8701171875,-2263.14990234375,17.049999237060547,-7662.0001220703125,19916.099853515625,3.4999999403953552,0.29999999329447746,-0.9000000357627869,1575.0999450683594,255.0,128.0,False,0.016768274371659883,1.9692032081031998,0.000256210897820729,True,191.0,False,6,4,2,,games5425898691,bf81d8692db,22.0,1199.8199462890625,-2069.8701171875,17.010000228881836,17868.299560546875,-6462.19970703125,0.09999999776482582,-1.1999999731779099,0.19999999552965164,-105.9000015258789,255.0,128.0,,0.009597961035132455,-0.3599819994841136,0.0001014592446251863,True,14,False,12,184.0,False,
20,1776,40,False,False,1,3753.95660862424,-1577.699951171875,2316.35009765625,180.8800048828125,-1210.8999633789062,1566.3999938964844,11087.7001953125,4782.5,3367.0999145507812,-1337.5,1.0,0.5097229366899723,1.9372901290410576,0.19702124548001024,bf81d8692db,games5425898691,22.0,-1534.449951171875,2220.989990234375,49.060001373291016,-17047.2998046875,8770.700073242188,3416.199951171875,7.900000214576721,-4.1999998688697815,-2155.399932861328,255.0,0.0,,-0.00953543563887844,0.6260507627738057,-0.0006196991513694274,True,14,14,184.0,False,False,,76561198039309853,enpitsu,27.0,-2468.260009765625,1940.5899658203125,17.049999237060547,9648.400268554688,-18954.69970703125,3.1999999284744263,0.29999999329447746,-0.3999999910593033,132.2000026702881,255.0,128.0,False,-0.016768406786027874,-2.0548924337105783,-8.804539656079377e-05,True,6,4,191.0,False,2,,么ＯＬＹＭＰＵＳs,bbe9a7b10db,10,-1631.4300537109375,2568.679931640625,74.3499984741211,2848.0999755859375,-14959.3994140625,-118.4000015258789,1462.5999450683594,3478.0999755859375,-4001.6000366210938,255.0,223.0,True,0.32235921160980496,-2.0364210596649532,1.7869049559252508,False,77.50979778587178,True,16,12,False,,NGK_RL,b9ad85af2263477f92804097fd3cf807,14.0,-1520.81005859375,5102.990234375,250.27000427246094,10116.799926757812,-3.0000001192092896,-4975.400085449219,0.9000000357627869,2264.7999572753906,-0.5999999865889549,255.0,0.0,,-0.469950040430104,3.130859487488898,1.5755526017877712,True,18,4,24,0.0,False,
21,1858,43,False,False,1,3664.858845212811,-1903.510009765625,2774.85009765625,520.9099731445312,13300.899658203125,10938.900146484375,-8140.2001953125,1692.2000122070312,5540.8001708984375,1560.3999328613281,1.0,-0.16135529510747545,1.524308838552702,-0.3824973925607784,bf81d8692db,games5425898691,21.0,-2086.9599609375,2641.320068359375,563.4299926757812,8451.400146484375,6363.2000732421875,4274.5001220703125,-3959.5999145507812,-1550.8999633789062,-3487.9998779296875,255.0,216.0,,-0.0027130262797110043,2.6671039425838585,-1.5227002025721574,True,16,15,127.29134637822379,True,False,,76561198039309853,enpitsu,27.0,-3485.889892578125,-373.3299865722656,17.049999237060547,1058.7999725341797,6104.6002197265625,3.0000001192092896,1.0000000149011612,-0.7999999821186066,-23.69999885559082,255.0,255.0,False,-0.016701410611973777,1.7466587559654785,5.1844001869118596e-05,True,6,4,222.0,False,2,,么ＯＬＹＭＰＵＳs,bbe9a7b10db,10,3074.080078125,-16.709999084472656,17.010000228881836,20720.2001953125,3574.2001342773438,3.400000035762787,-0.29999999329447746,-0.0,3306.199951171875,255.0,255.0,False,-0.009586829744703736,2.6503015504639387,0.00011761130545825186,True,0.0,False,18,14,False,,NGK_RL,b9ad85af2263477f92804097fd3cf807,14.0,-1519.0400390625,3085.7099609375,370.05999755859375,-2524.7999572753906,-5523.4002685546875,-2275.2000427246094,-138.29999923706055,175.10000228881836,-70.79999923706055,255.0,128.0,,0.293790805746773,-0.5735982993052802,0.22017762766990004,True,18,6,26,0.0,False,
22,1863,43,False,False,0,8498.156671034792,1757.8800048828125,-2933.139892578125,379.9200134277344,11743.1005859375,890.1000213623047,-2632.7999877929688,-1229.7000122070312,-4432.099914550781,-1357.2000122070312,0.0,-0.3422517743116831,-1.4357025319094385,0.6067831220813228,b9ad85af2263477f92804097fd3cf807,NGK_RL,14.0,1561.9000244140625,-2993.14990234375,322.9599914550781,2612.7999877929688,5579.4000244140625,-3323.9999389648438,84.79999542236328,-106.19999885559082,-45.300002098083496,255.0,128.0,,-0.3226119548146939,0.5632370560659445,0.22330844319595017,True,26,18,0.0,False,6,,bbe9a7b10db,么ＯＬＹＭＰＵＳs,10.0,-3354.610107421875,-113.52999877929688,17.010000228881836,-12227.60009765625,-11241.8994140625,3.6000001430511475,0.29999999329447746,0.5999999865889549,3507.3001098632812,255.0,255.0,False,0.009596266299531728,-2.0644374134048378,2.1183473309528513e-05,True,18,14,0.0,False,False,,enpitsu,76561198039309853,27,3475.8701171875,259.2099914550781,17.049999237060547,206.00000381469727,-7461.300048828125,3.8999998569488525,0.0,1.5999999642372131,2129.1000366210938,255.0,0.0,False,0.016661997986430793,-1.5644036958629497,0.0002745199536830285,True,222.0,False,6,4,2,,games5425898691,bf81d8692db,21.0,1872.050048828125,-2796.35009765625,583.280029296875,-9204.099731445312,-6144.4000244140625,-146.5999984741211,4220.899963378906,2170.0,-2779.2999267578125,255.0,201.0,,-0.4988424815155347,2.8218816913673237,-2.935856306491096,True,15,False,16,116.0,False,
23,1913,45,False,False,1,4866.704047057125,-3372.5400390625,2802.39990234375,129.42999267578125,-3716.099853515625,22560.2001953125,9465.900268554688,4520.400085449219,-3933.0999755859375,310.40000915527344,1.0,-0.037683535789339265,2.74351214149844,3.126103104227134,76561198039309853,enpitsu,27.0,-3369.72998046875,2705.090087890625,15.180000305175781,2536.300048828125,18432.099609375,40.50000190734863,283.0999946594238,260.10000228881836,875.5999755859375,0.0,128.0,False,-0.04504631813749377,1.6871141949652835,-0.02278917379376895,True,6,4,146.0,False,2,,bf81d8692db,games5425898691,21.0,-174.02000427246094,3960.179931640625,16.59000015258789,10172.000122070312,6835.30029296875,98.69999885559082,63.60000133514404,82.29999542236328,-2069.1000366210938,255.0,0.0,,-0.007912448550179163,2.566078612255313,-0.00455019629002198,True,16,16,116.0,False,False,,么ＯＬＹＭＰＵＳs,bbe9a7b10db,10,3057.6201171875,3092.219970703125,72.29000091552734,-1853.800048828125,19092.19970703125,-1927.2999572753906,-2297.899932861328,780.1000213623047,-1248.7999725341797,128.0,128.0,False,0.4883078307130529,1.4076053699703748,-0.14733066120608612,True,0.0,False,20,16,False,,NGK_RL,b9ad85af2263477f92804097fd3cf807,14.0,-2250.9599609375,3387.760009765625,101.52999877929688,-7550.5999755859375,7561.500244140625,-139.89999771118164,-3831.9000244140625,-3940.10009765625,-203.4000015258789,255.0,229.0,,1.3098212957177,-2.231059801942766,-3.033028021085299,True,20,6,28,0.0,False,
24,1972,47,False,True,1,2627.1591602016147,-1546.81005859375,4173.22998046875,413.07000732421875,13445.799560546875,11153.1005859375,5962.9998779296875,783.6000061035156,-3284.4000244140625,4959.599914550781,1.0,0.29486557968638244,2.0722227202861405,1.1502901497444507,76561198039309853,enpitsu,27.0,-1551.219970703125,4093.39990234375,259.8699951171875,16022.39990234375,7055.7000732421875,1663.699951171875,1822.5999450683594,2484.7999572753906,743.6000061035156,128.0,128.0,,0.6821417797672329,1.6091748413323015,-0.3719045906214982,True,8,4,38.0,False,2,,bf81d8692db,games5425898691,21.0,-562.6599731445312,3362.409912109375,17.020000457763672,-13903.00048828125,11260.999755859375,-1.2999999523162842,-0.0,-0.09999999776482582,-654.1000366210938,255.0,80.0,,-0.00959133711531961,0.6932925226967905,-0.00010913776137380723,True,16,16,56.4797592470723,True,False,,么ＯＬＹＭＰＵＳs,bbe9a7b10db,10,557.7000122070312,5114.7900390625,17.010000228881836,-8408.300170898438,5376.5997314453125,2.8999999165534973,-1.5000000596046448,2.800000011920929,1206.1000061035156,255.0,192.0,,-0.009628511930621858,0.5922396651347975,0.00026049437701353514,True,220.0,False,20,16,False,,NGK_RL,b9ad85af2263477f92804097fd3cf807,14.0,-3287.929931640625,4543.77001953125,39.720001220703125,-1072.3999786376953,635.0,492.99999237060547,327.79998779296875,646.6000366210938,-298.8999938964844,255.0,128.0,False,-0.37663215585791815,-2.4053405645891894,0.02032452866562245,True,20,6,28,,False,
25,2075,51,False,False,0,8658.537939018,-2016.9599609375,-3445.669921875,101.94999694824219,-16455.6005859375,9131.500244140625,-1030.5000305175781,-1364.7000122070312,-1140.4000091552734,1895.5999755859375,0.0,-0.9211324070202613,2.7739786381019957,-1.1295899063110397,bbe9a7b10db,么ＯＬＹＭＰＵＳs,10.0,-1833.5999755859375,-3540.639892578125,17.010000228881836,-11098.00048828125,8860.399780273438,0.29999999329447746,-0.5000000074505806,0.29999999329447746,18.600000143051147,255.0,128.0,False,0.00958082986709511,2.4705579302541123,-6.707245420871816e-05,True,20,16,159.3363957379454,True,False,,b9ad85af2263477f92804097fd3cf807,NGK_RL,14.0,-1337.800048828125,-4108.759765625,16.489999771118164,-21724.09912109375,-795.0,97.29999542236328,39.30000066757202,13.600000143051147,240.30000686645508,255.0,128.0,False,0.010309052467753559,-3.0817261359665316,0.0023326611616843913,True,30,22,17.10863647409665,True,6,,enpitsu,76561198039309853,27,-823.6099853515625,-4919.31005859375,17.049999237060547,-10350.6005859375,7235.8001708984375,3.100000023841858,-0.7999999821186066,0.0,18.799999952316284,255.0,128.0,False,0.016698839635466454,2.5339539854980706,-6.229675929630122e-05,True,0.0,False,8,4,2,,games5425898691,bf81d8692db,21.0,2766.3701171875,1739.699951171875,16.989999771118164,624.5999908447266,22707.80029296875,9.900000095367432,2.8999999165534973,-0.7999999821186066,-1.1999999731779099,255.0,128.0,,0.00976715706579153,1.5431025629560244,4.0240576674133455e-05,False,18,False,18,0.0,False,
26,2090,51,False,False,0,8347.547718050839,-2868.469970703125,-2971.159912109375,93.41000366210938,-14698.699951171875,8220.399780273438,192.5,-3165.4000854492188,-4792.39990234375,1735.5999755859375,0.0,0.6843367596713786,-2.142671352330946,0.6252331952759186,bbe9a7b10db,么ＯＬＹＭＰＵＳs,10.0,-2613.02001953125,-3111.830078125,16.989999771118164,-12751.400146484375,8542.100219726562,5.099999904632568,0.19999999552965164,-0.29999999329447746,-193.89999389648438,128.0,128.0,False,0.00964146471207502,2.5292300060153297,0.00012623648146240562,True,20,16,139.0,False,False,,b9ad85af2263477f92804097fd3cf807,NGK_RL,14.0,-2656.02001953125,-4145.93994140625,17.010000228881836,-22261.79931640625,3406.7001342773438,2.5999999046325684,-1.0000000149011612,0.19999999552965164,-447.7000045776367,255.0,128.0,False,0.009612103173176359,2.9495482116912024,0.00014187584620194588,True,30,22,43.0,False,6,,enpitsu,76561198039309853,27,-1377.4599609375,-4516.18994140625,17.049999237060547,-9763.699951171875,9555.0,3.700000047683716,-1.1999999731779099,1.0000000149011612,-1993.2000732421875,255.0,128.0,False,0.01674486643928877,2.332805549019528,-0.00021271004409770486,True,0.0,False,8,4,2,,games5425898691,bf81d8692db,21.0,2872.3798828125,2981.159912109375,17.010000228881836,3855.1998901367188,22311.69921875,2.7000001072883606,0.0,-0.09999999776482582,-31.600000858306885,255.0,128.0,,0.009599101344711477,1.3958237565009453,3.1154847985368915e-05,True,18,False,18,0.0,False,
27,2124,52,False,False,0,7930.978301135087,-3997.550048828125,-2159.3701171875,401.4200134277344,9221.300048828125,24373.701171875,5280.8001708984375,-3275.8999633789062,-3611.7001342773438,-3323.2000732421875,0.0,0.11337636877941289,-0.7688303675186491,1.41321692091776,bbe9a7b10db,么ＯＬＹＭＰＵＳs,10.0,-4068.969970703125,-2258.3798828125,181.44000244140625,-4176.300048828125,6904.2999267578125,11652.900390625,-1271.9999694824219,4994.700012207031,-1072.9000091552734,255.0,0.0,False,-1.0167116548299844,2.0570985177833054,0.9854242480222961,True,20,16,154.1941764918707,True,False,,b9ad85af2263477f92804097fd3cf807,NGK_RL,14.0,-4080.0,-2388.429931640625,366.79998779296875,192.39999771118164,20042.2998046875,10604.49951171875,-1154.8999786376953,-288.8999938964844,17.999999523162842,255.0,19.0,False,-0.48899010474689025,1.570080603564136,1.5906649783246998,True,30,22,5.251578607866847,True,6,,enpitsu,76561198039309853,27,-2248.010009765625,-2569.969970703125,90.68000030517578,-6940.999755859375,17758.399658203125,-676.1000061035156,-4019.5001220703125,-1256.2999725341797,-13.300000429153442,255.0,128.0,False,-1.0584653097673344,1.8795726344881631,-0.006635852090050446,True,0.0,False,10,6,2,,games5425898691,bf81d8692db,21.0,2161.330078125,5074.93994140625,77.77999877929688,-19190.0,1479.9000549316406,2165.7000732421875,2215.2000427246094,-1627.7000427246094,1166.500015258789,255.0,255.0,,-0.07769639670635468,3.064221417272313,-0.9648224293197093,True,18,False,18,255.0,False,
28,2206,55,False,False,1,9610.238775428019,1594.9200439453125,-4444.7900390625,273.95001220703125,17566.400146484375,11687.099609375,9248.300170898438,5122.19970703125,-2123.3999633789062,-2291.999969482422,1.0,-0.5027812329329808,0.178758665951658,2.0780850328149723,bf81d8692db,games5425898691,21.0,1450.780029296875,-4604.27978515625,183.39999389648438,11688.399658203125,11044.89990234375,1333.800048828125,-3969.4000244140625,39.40000057220459,-794.1000366210938,255.0,214.0,,0.43725382572555643,2.4377911119627442,-0.1279385192689436,True,20,19,210.0,False,False,,76561198039309853,enpitsu,27.0,3931.389892578125,-3068.699951171875,36.869998931884766,-6777.5,-17981.800537109375,-3386.7001342773438,814.4999694824219,3675.1998901367188,-1100.5999755859375,255.0,0.0,,-0.18690012588063917,-1.1275787478559602,0.3744640483850568,True,12,8,,False,2,,么ＯＬＹＭＰＵＳs,bbe9a7b10db,10,3788.159912109375,235.74000549316406,15.479999542236328,-8845.0,-6271.6998291015625,103.50000381469727,204.20000076293945,206.29999160766602,17.999999523162842,,,,0.0062474655618636465,-0.607044611436287,-0.017904734251393557,True,146.0,False,20,16,False,,NGK_RL,b9ad85af2263477f92804097fd3cf807,14.0,690.1199951171875,-1867.5,16.989999771118164,-21096.99951171875,-3914.1000366210938,5.099999904632568,0.5999999865889549,-0.0,0.0,255.0,,,-0.009578917148395465,-0.18344043082558462,5.216166634821585e-05,True,22,6,30,221.0,False,
29,2277,58,False,False,1,7241.856371096126,2857.340087890625,-1831.199951171875,422.92999267578125,-2330.800018310547,28556.79931640625,3960.10009765625,2387.2000122070312,-5383.2000732421875,1149.7000122070312,1.0,0.8652021569762351,1.8768298771861447,0.2842307167720881,bf81d8692db,games5425898691,21.0,2834.02001953125,-1977.8599853515625,291.0400085449219,59.099998474121094,19363.599853515625,4102.39990234375,-3931.7999267578125,-537.5,-617.5,255.0,154.0,,0.8942296556811066,1.5968883122421287,-0.07160571950286314,True,22,21,137.08937644189405,True,False,,76561198039309853,enpitsu,27.0,1146.0,-4876.91015625,17.049999237060547,-4456.300048828125,3182.39990234375,5.699999928474426,-8.899999856948853,1.0000000149011612,-0.3999999910593033,255.0,128.0,False,-0.016388028448134757,0.619945017507487,-0.0004962569055542227,True,12,8,255.0,False,2,,么ＯＬＹＭＰＵＳs,bbe9a7b10db,10,2826.679931640625,-830.1400146484375,17.010000228881836,-11280.899658203125,-950.1000213623047,2.8999999165534973,0.19999999552965164,-0.0,-2363.5000610351562,225.0,9.0,False,-0.00954370880978501,-0.024358723130982727,3.531403176917462e-05,True,101.0,False,20,16,False,,NGK_RL,b9ad85af2263477f92804097fd3cf807,14.0,-3499.280029296875,624.4500122070312,16.989999771118164,-1694.4999694824219,18654.200439453125,5.099999904632568,-0.19999999552965164,3.8999998569488525,-1298.5000610351562,255.0,128.0,,-0.009589739580019466,1.5568595104938674,9.734526526747477e-05,True,22,6,30,221.0,False,
30,2373,61,False,False,1,1685.9892581802587,2060.47998046875,3920.760009765625,132.24000549316406,-22395.80078125,13378.499755859375,11743.399658203125,4527.5,-944.1999816894531,3822.2000122070312,1.0,1.0707801368940746,-1.9837160803879819,2.127389642724252,bf81d8692db,games5425898691,21.0,2225.18994140625,3682.0400390625,21.979999542236328,-5905.30029296875,20348.299560546875,3000.0,0.3999999910593033,-1.1999999731779099,-1728.800048828125,255.0,0.0,,-0.009594862448809513,1.3374682469381716,-0.00013530844957820065,True,23,22,30.0,False,False,,76561198039309853,enpitsu,27.0,1051.6700439453125,226.1199951171875,17.049999237060547,-756.9000244140625,15378.599853515625,3.1999999284744263,-0.7000000029802322,-0.0,0.0,255.0,128.0,False,-0.016790107504845168,1.521599206967177,-6.653349011145495e-06,True,12,8,240.0,False,2,,么ＯＬＹＭＰＵＳs,bbe9a7b10db,10,2791.8798828125,5050.7001953125,103.26000213623047,-12536.099853515625,4172.9998779296875,-343.69998931884766,94.39999580383301,-1866.4999389648438,2845.4998779296875,255.0,251.0,False,-0.1724092126091211,0.2323205710485797,-1.0642525787294028,True,255.0,False,22,18,False,,NGK_RL,b9ad85af2263477f92804097fd3cf807,14.0,595.0999755859375,4482.4501953125,17.0,20619.09912109375,-10189.69970703125,3.700000047683716,-0.5999999865889549,0.19999999552965164,-4.099999964237213,255.0,128.0,,-0.009602909516626361,-2.682054296553531,5.3157312575908136e-05,True,24,6,32,195.0,False,
31,2454,64,False,False,1,4110.955775416098,-2851.360107421875,3449.659912109375,154.97999572753906,4768.800048828125,12177.60009765625,2693.2998657226562,2510.500030517578,526.3999938964844,-5424.000244140625,1.0,1.1464634767467643,2.7102337981652065,-0.5324846668866097,76561198039309853,enpitsu,27.0,-2934.0400390625,3314.929931640625,74.69999694824219,-10640.30029296875,18636.600341796875,2573.5000610351562,-1570.0,-524.1999816894531,-3212.39990234375,255.0,0.0,False,-0.13291443027595745,1.5002839659948084,-0.018847788546773568,True,14,9,151.0,False,2,,bf81d8692db,games5425898691,21.0,1086.0999755859375,3427.080078125,92.04000091552734,-10477.5,-11915.10009765625,-335.40000915527344,4134.599914550781,-2741.099853515625,231.00000381469727,255.0,128.0,,1.1924255299965532,0.0150710179558826,0.9767147753794246,True,26,24,61.0,False,False,,么ＯＬＹＭＰＵＳs,bbe9a7b10db,10,-2453.830078125,4358.22021484375,16.989999771118164,-21231.201171875,-5196.5997314453125,5.099999904632568,1.7000000178813934,-2.5,-277.00000762939453,93.0,99.0,False,-0.00967151950005948,-0.2534869614552266,-0.00014351828798271176,True,69.0,False,22,18,False,,NGK_RL,b9ad85af2263477f92804097fd3cf807,14.0,3174.389892578125,701.030029296875,17.040000915527344,-17099.599609375,2084.7999572753906,-1.0000000149011612,-1.1999999731779099,0.09999999776482582,-1980.0,255.0,0.0,False,-0.009622211046109103,0.19282559778298378,1.7908538185052386e-05,True,26,6,34,195.0,False,
32,2532,67,False,False,1,2901.013637129703,-1951.56005859375,4585.669921875,247.02999877929688,7637.7001953125,18868.299560546875,1272.6000213623047,-831.6000366210938,4332.900085449219,-4066.099853515625,1.0,-0.4676165783115994,-2.2445616073916606,2.1873573499874484,bf81d8692db,games5425898691,21.0,-1948.0799560546875,4353.93994140625,146.50999450683594,-8719.099731445312,13332.80029296875,3395.7998657226562,1846.7999267578125,1000.1000213623047,-583.4999847412109,255.0,119.0,,0.45288708290429075,1.2100933909326397,0.03398763606440749,True,28,24,105.0,False,False,,76561198039309853,enpitsu,27.0,-3425.8798828125,3550.25,17.059999465942383,10818.800048828125,-10368.800048828125,1.899999976158142,0.5000000074505806,3.3000001311302185,142.70000457763672,255.0,255.0,,-0.016655092122835488,-2.393512325467936,4.054407609848076e-05,True,14,10,229.0,False,2,,么ＯＬＹＭＰＵＳs,bbe9a7b10db,10,-1808.2099609375,5045.72998046875,51.470001220703125,4678.500061035156,-3748.2998657226562,-3160.10009765625,-4291.499938964844,-726.6000366210938,1704.9000549316406,128.0,255.0,,-0.4342301414246259,-2.325399202966074,0.4975845846840484,True,69.0,False,22,18,False,,NGK_RL,b9ad85af2263477f92804097fd3cf807,14.0,-987.219970703125,4345.14013671875,177.32000732421875,-22646.8994140625,2987.39990234375,2681.6000366210938,-5193.699951171875,685.5999755859375,1674.7999572753906,128.0,128.0,,0.6877256601928724,0.30796604071736183,2.2558374595268154,True,26,6,36,114.73292903746326,True,
33,2573,69,False,False,1,2500.686750367699,-1247.4100341796875,3851.889892578125,160.72999572753906,5904.5001220703125,19279.300537109375,6675.2001953125,1713.9999389648438,291.00000381469727,5742.5,1.0,0.6004762383895681,-0.762301135751502,-0.5771401130947981,76561198039309853,enpitsu,27.0,-1357.27001953125,3608.5,78.6500015258789,15014.200439453125,10848.199462890625,3336.4999389648438,0.09999999776482582,1.8000000715255737,553.8999938964844,128.0,128.0,,-0.017073406672415508,2.4324145839775335,-0.0011631303275480753,True,16,10,183.0,False,2,,bf81d8692db,games5425898691,21.0,-2766.60009765625,4745.990234375,16.899999618530273,-4799.2999267578125,-10880.30029296875,28.80000114440918,59.099998474121094,33.399999141693115,1568.6000061035156,255.0,239.0,,-0.007294989462259028,-1.1602679172501862,0.0031102729464234855,True,28,24,76.70441285256416,True,False,,么ＯＬＹＭＰＵＳs,bbe9a7b10db,10,-1139.3399658203125,4172.85009765625,76.81999969482422,2584.7000122070312,-19840.2001953125,3058.2000732421875,3793.3999633789062,3691.400146484375,-1494.4000244140625,255.0,255.0,True,-0.09584152474250097,-0.9368501770740186,-0.24253541753029484,True,15.71690303792237,True,24,19,False,,NGK_RL,b9ad85af2263477f92804097fd3cf807,14.0,-3528.93994140625,4440.6201171875,251.27000427246094,-6812.1002197265625,-6387.2998046875,-607.7000045776367,-107.29999542236328,-198.79999160766602,2414.600067138672,255.0,128.0,,-0.240276778520864,-1.7969696576048462,-0.8194031645931353,True,26,6,36,90.0,False,
34,2574,69,False,False,0,9244.331849960005,1306.1800537109375,-3838.199951171875,241.66000366210938,15319.000244140625,10730.400390625,14545.699462890625,3167.3001098632812,-814.3000030517578,-5030.299987792969,0.0,-0.7536430087821255,0.4313178030779701,-0.4344272053613052,bbe9a7b10db,么ＯＬＹＭＰＵＳs,10.0,1113.8599853515625,-3975.679931640625,102.04000091552734,-3795.2999877929688,17267.19970703125,1600.8000183105469,197.80000686645508,-5200.0,-1780.3999328613281,255.0,255.0,True,0.09559726349118168,0.8042567278197633,-0.9428403523075553,True,24,19,12.139260174125766,True,False,,b9ad85af2263477f92804097fd3cf807,NGK_RL,14.0,3585.6298828125,-4387.14990234375,243.6699981689453,6795.2001953125,6438.3001708984375,-1161.6000366210938,596.3000106811523,400.40000915527344,1925.5000305175781,255.0,43.0,,0.21263323440869725,1.970688837134939,-0.8071124852071094,True,36,26,90.0,False,6,,enpitsu,76561198039309853,27,1209.2900390625,-3703.330078125,103.7699966430664,-14577.2998046875,-8286.400146484375,1797.2000122070312,-735.8000183105469,-956.2999725341797,13.799999952316284,128.0,128.0,,0.028689586037727553,-2.4000202879086356,0.06611297214931744,True,183.0,False,16,10,2,,games5425898691,bf81d8692db,21.0,2796.0400390625,-4669.10986328125,17.0,4040.10009765625,12040.0,6.3999998569488525,-19.40000057220459,-14.09999966621399,1870.5999755859375,255.0,239.0,,0.00889828334734433,1.2782778575881166,0.0009872937435181088,True,24,False,28,73.12676998876756,True,
35,2741,75,False,False,1,6468.491719294517,-1946.3599853515625,-670.5399780273438,131.9199981689453,338.8999938964844,30087.39990234375,3297.0999145507812,-238.70000839233398,2686.300048828125,-4321.000061035156,1.0,0.1961464430939532,-0.22549139327631854,0.667753244300588,bf81d8692db,games5425898691,21.0,-1917.6400146484375,-898.8400268554688,51.83000183105469,-8640.999755859375,21015.6005859375,3560.10009765625,578.6999893188477,230.6999969482422,-566.1000061035156,255.0,57.0,,0.00855609027912088,1.1960341681986197,-0.0004574817055910123,True,31,26,131.0,False,False,,76561198039309853,enpitsu,27.0,-1149.5,-1147.3399658203125,17.049999237060547,-17281.800537109375,-2878.599853515625,3.0000001192092896,0.19999999552965164,0.3999999910593033,-7.400000095367432,255.0,128.0,,-0.016891693614543426,-0.16416591326315935,3.09587677772066e-05,True,16,10,48.0,False,2,,么ＯＬＹＭＰＵＳs,bbe9a7b10db,10,1502.6500244140625,412.94000244140625,17.010000228881836,-11011.099853515625,18665.30029296875,0.09999999776482582,-1.5000000596046448,2.8999999165534973,-519.5000076293945,255.0,128.0,False,-0.009607123498654653,1.07431544931181,7.389677673668242e-05,True,177.34514416161403,True,26,22,False,,NGK_RL,b9ad85af2263477f92804097fd3cf807,14.0,285.8900146484375,-3037.909912109375,43.130001068115234,20995.30029296875,-8354.199829101562,-2141.9000244140625,-969.4999694824219,761.6999816894531,252.00000762939453,232.0,128.0,,-0.021178284661988137,-2.7327909555027863,0.6266816176142984,True,30,6,40,42.21062369756802,True,
36,2922,81,False,False,0,9689.180664086689,1849.47998046875,-4152.06982421875,149.17999267578125,3196.7999267578125,23137.2998046875,-2419.7000122070312,2626.199951171875,3657.3001098632812,-3965.5999755859375,0.0,1.3152825798326138,0.927707014745821,0.15537308521414814,bbe9a7b10db,么ＯＬＹＭＰＵＳs,10.0,1855.22998046875,-4361.91015625,69.01000213623047,-9092.5,17921.099853515625,3239.2999267578125,-4105.299987792969,-2243.9999389648438,116.30000114440918,255.0,128.0,False,0.12022967447797121,2.073283739480712,-0.0003915477219709628,True,28,23,54.11982768581762,True,False,,b9ad85af2263477f92804097fd3cf807,NGK_RL,14.0,-1414.52001953125,-5060.0498046875,62.209999084472656,14003.699951171875,848.7999725341797,-1023.8999938964844,1186.500015258789,62.60000228881836,-62.60000228881836,255.0,128.0,False,0.08025021417385139,0.06043370791885402,-0.8173629380518785,True,44,34,255.0,False,6,,enpitsu,76561198039309853,27,3629.10009765625,300.9599914550781,17.049999237060547,-1293.699951171875,-2965.8999633789062,3.100000023841858,-0.29999999329447746,0.09999999776482582,0.0,255.0,0.0,False,0.01661667116702011,-1.982165285935592,1.466430398760301e-06,True,78.0,False,16,10,2,,games5425898691,bf81d8692db,21.0,1745.449951171875,-3988.7900390625,395.94000244140625,-20237.5,480.8000183105469,-364.1999816894531,98.29999923706055,-5288.900146484375,1505.8999633789062,255.0,255.0,,0.8320887081555953,-0.07083791715215983,2.8443901852432174,True,27,False,34,133.33738483664803,True,
37,2966,83,False,False,1,5207.609445219098,-2325.110107421875,1048.0999755859375,145.00999450683594,5006.499938964844,15197.5,14017.19970703125,5827.1002197265625,-1296.7999267578125,-602.0000076293945,1.0,-0.16527519301375598,3.0792372370974035,-1.3601509802495184,76561198039309853,enpitsu,27.0,-2377.18994140625,869.510009765625,17.049999237060547,3461.400146484375,14954.100341796875,3.6000001430511475,-0.0,-0.09999999776482582,2073.5000610351562,255.0,0.0,False,-0.01677257107879923,1.7327656508885207,1.6584102810593988e-05,True,16,10,198.0,False,2,,bf81d8692db,games5425898691,21.0,1382.1400146484375,3939.580078125,16.829999923706055,12458.900146484375,2815.7000732421875,49.20000076293945,-11.499999761581421,-2.3000000417232513,1724.4000244140625,0.0,255.0,,-0.009903339472842164,2.874380119815855,0.0005526861704166877,True,34,28,138.0,False,False,,么ＯＬＹＭＰＵＳs,bbe9a7b10db,10,-772.1199951171875,1643.739990234375,17.020000457763672,-6452.5,-16322.099609375,1.7000000178813934,-0.29999999329447746,-0.29999999329447746,-1966.3999938964844,245.0,0.0,False,-0.009606675356293956,-1.1233931412510414,-4.172776528848121e-05,True,66.0,False,28,24,False,,NGK_RL,b9ad85af2263477f92804097fd3cf807,14.0,-955.760009765625,4148.93017578125,17.0,-18361.99951171875,4101.300048828125,4.399999976158142,-0.0,-0.0,-2999.7000122070312,255.0,0.0,False,-0.00958716705421255,0.42758453506920147,-0.00011065427120645122,True,34,6,44,218.0,False,
38,3027,85,False,False,0,9690.628919951869,1240.0899658203125,-4312.27001953125,1584.969970703125,-9418.699951171875,17634.200439453125,7263.3001708984375,-2336.3999938964844,1077.6000213623047,1169.1999816894531,0.0,-0.06904803302599351,-3.114486029646397,-0.5399429411624938,b9ad85af2263477f92804097fd3cf807,NGK_RL,14.0,1307.3699951171875,-4533.14013671875,1493.81005859375,-3527.5,10491.800537109375,8742.39990234375,-1189.1000366210938,-4885.7000732421875,-2228.300018310547,128.0,220.0,False,0.21214470828757578,2.0579688946835675,-0.8353231254623652,True,46,35,120.18876539250861,True,6,,bbe9a7b10db,么ＯＬＹＭＰＵＳs,10.0,2974.169921875,-2772.81005859375,33.900001525878906,4267.300109863281,-6377.9998779296875,39.000000953674316,482.2999954223633,-312.2999954223633,-499.00001525878906,255.0,0.0,False,-0.009356224155838349,-0.5693709113977041,0.12081080947665092,True,28,24,66.0,False,False,,enpitsu,76561198039309853,27,2880.510009765625,-2493.6298828125,17.049999237060547,-7101.300048828125,2893.0999755859375,2.199999988079071,-3.4999999403953552,-12.400000095367432,-1910.0999450683594,255.0,255.0,False,0.01628800325631376,2.7130207602218754,0.0005354159421989342,True,198.0,False,16,10,2,,games5425898691,bf81d8692db,21.0,-1096.9300537109375,-3933.409912109375,17.020000457763672,470.49999237060547,11607.5,1.4000000059604645,0.0,0.5000000074505806,-35.09999990463257,255.0,113.0,,0.009552189339976076,1.5325761234297595,-8.336576071258888e-05,True,28,False,34,169.0,False,
39,3107,88,False,False,1,5539.86432532766,1306.8299560546875,-384.6099853515625,411.30999755859375,23641.10107421875,-11113.699951171875,1596.3999938964844,-2729.2999267578125,3905.10009765625,2596.9000244140625,1.0,0.0307233245737695,-2.3357752334706126,1.169206432638055,76561198039309853,enpitsu,27.0,1229.3699951171875,-441.7900085449219,258.760009765625,14949.599609375,-16339.599609375,-611.5000152587891,3409.8001098632812,-2036.6999816894531,3804.5001220703125,128.0,0.0,,0.766470203602407,-2.728973620195638,0.5395218403911507,True,18,11,29.0,False,2,,bf81d8692db,games5425898691,21.0,1520.52001953125,-645.780029296875,98.4000015258789,-925.0,-6799.4000244140625,3404.5001220703125,-5350.8001708984375,705.8000183105469,-1058.3999633789062,255.0,92.0,,0.23048911513405543,-1.1799767406602708,0.028080034107833374,True,36,29,140.0,False,False,,么ＯＬＹＭＰＵＳs,bbe9a7b10db,10,596.5499877929688,4203.43017578125,17.829999923706055,21739.599609375,5895.8001708984375,-1027.699966430664,-2592.60009765625,477.59998321533203,113.29999923706055,231.0,128.0,False,0.0031306279655158864,2.8740969465875716,0.05000666223581166,True,0.0,False,30,26,False,,NGK_RL,b9ad85af2263477f92804097fd3cf807,14.0,836.8400268554688,462.7300109863281,585.1199951171875,10132.7001953125,-17942.19970703125,-10217.80029296875,-8.500000238418579,-1513.8999938964844,-242.5,255.0,128.0,,-0.4470914050243169,-2.2130983708316108,0.27847921963273087,True,36,6,46,0.0,False,
40,3305,95,False,False,1,9811.581218242787,900.72998046875,-4671.580078125,442.57000732421875,-8041.400146484375,1187.9000091552734,6201.400146484375,-2853.9999389648438,-5110.299987792969,1318.5000610351562,1.0,1.086955289100775,-1.7530371084896346,0.27003769266911554,bf81d8692db,games5425898691,21.0,971.6199951171875,-4678.58984375,286.4200134277344,6350.7000732421875,289.6999931335449,3497.6998901367188,5023.0999755859375,-1806.300048828125,1324.7999572753906,255.0,128.0,,1.221796502730108,-0.3549676610934588,-2.1256910637315114,True,38,31,133.38545384458317,True,False,,76561198039309853,enpitsu,27.0,1517.9000244140625,-4757.10009765625,17.059999465942383,-4768.699951171875,2390.500030517578,2.3999999463558197,-2.8999999165534973,3.6000001430511475,269.59999084472656,255.0,255.0,False,-0.01674410757944842,0.4842969320497991,4.869927426349796e-05,True,18,12,255.0,False,2,,么ＯＬＹＭＰＵＳs,bbe9a7b10db,10,1795.22998046875,-2166.699951171875,17.010000228881836,-1772.5999450683594,-12543.299560546875,2.5999999046325684,0.19999999552965164,-1.5000000596046448,-143.69999885559082,129.0,143.0,False,-0.009597459459498747,-1.3751428815307603,0.00030767838587230045,True,92.0,False,30,26,False,,NGK_RL,b9ad85af2263477f92804097fd3cf807,14.0,1154.3499755859375,-4331.47998046875,16.989999771118164,-530.099983215332,12006.400146484375,2.800000011920929,-0.09999999776482582,0.7000000029802322,2.0999999344348907,255.0,128.0,False,-0.00954815649180479,1.5263115790747503,-6.231862559663778e-05,True,36,8,50,68.38545384458318,True,
41,3368,98,False,False,1,9710.607799768479,-892.2000122070312,-4404.5400390625,132.4600067138672,-10390.799560546875,9214.600219726562,401.30001068115234,-1528.9999389648438,2724.2001342773438,-1264.800033569336,1.0,0.7256890879044547,-0.04057070084312275,2.484308760554768,76561198039309853,enpitsu,27.0,-815.6599731445312,-4494.35009765625,17.059999465942383,-13361.600341796875,3062.3001098632812,1.8000000715255737,-0.5999999865889549,-0.0,3.4999999403953552,255.0,255.0,,-0.016721806083428745,0.22481402336249287,-4.713373205193547e-05,True,18,12,244.0,False,2,,bf81d8692db,games5425898691,21.0,1675.6800537109375,-4624.240234375,17.010000228881836,-2477.7000427246094,6580.9002685546875,2.800000011920929,-0.0,-0.0,-2441.699981689453,255.0,0.0,,-0.009498251361209289,1.2167664577498778,-2.1502776818001037e-05,True,38,32,117.0,False,False,,么ＯＬＹＭＰＵＳs,bbe9a7b10db,10,145.16000366210938,-746.25,514.1500244140625,-8013.2000732421875,16179.200439453125,-273.6000061035156,-729.8999786376953,-113.50000381469727,261.49999618530273,255.0,128.0,,-1.0941842109305624,0.6537497716788989,2.0332016838205518,False,0.0,False,30,26,False,,NGK_RL,b9ad85af2263477f92804097fd3cf807,14.0,-943.3699951171875,-975.1900024414062,40.58000183105469,-17986.700439453125,3074.5999145507812,3353.800048828125,20.59999942779541,-10.499999523162842,2252.2999572753906,255.0,255.0,,-0.009959935023661923,0.022893144013529775,-0.0004323308321249731,False,38,8,54,0.0,False,
42,3405,99,False,False,1,8910.616387850248,-2089.35009765625,-3255.639892578125,102.88999938964844,6014.89990234375,16825.0,4273.999938964844,-155.6999969482422,-3874.4000244140625,-4578.699951171875,1.0,0.8037597455051576,-3.0404559492712315,0.9572372835753475,76561198039309853,enpitsu,27.0,-2217.6201171875,-3414.050048828125,17.06999969482422,-456.89998626708984,18878.299560546875,-4.600000083446503,-0.0,2.3000000417232513,-1816.300048828125,255.0,128.0,,-0.0167842715929256,1.594317799796212,-0.00015925779778873465,True,18,12,191.0,False,2,,bf81d8692db,games5425898691,21.0,1502.77001953125,-3226.4599609375,17.010000228881836,-4020.2999877929688,12490.30029296875,2.5999999046325684,-0.09999999776482582,0.29999999329447746,0.0,255.0,128.0,,-0.009560054374081303,1.2593599914561335,-4.3749369191988515e-05,True,38,32,147.0,False,False,,么ＯＬＹＭＰＵＳs,bbe9a7b10db,10,-905.4299926757812,1463.0699462890625,29.6200008392334,-6567.7001953125,16648.699951171875,3235.4000854492188,-65.59999942779541,24.90000009536743,1128.0000305175781,255.0,167.0,True,-0.008641264323646035,1.169470799744453,-0.00011091972087565202,False,0.0,False,31,26,False,,NGK_RL,b9ad85af2263477f92804097fd3cf807,14.0,-3658.27001953125,278.0899963378906,16.450000762939453,-12681.400146484375,-5454.89990234375,110.9000015258789,-52.30000019073486,-37.59999990463257,-1403.5000610351562,255.0,0.0,,-0.008976112701390735,-0.4768054002800092,-0.0033760056423623964,True,40,8,54,0.0,False,
43,3442,100,False,False,1,6563.333891444082,-1285.3199462890625,-1050.25,95.73999786376953,12397.80029296875,12938.00048828125,2166.0000610351562,-3595.0,3858.800048828125,-2860.8999633789062,1.0,1.06685576833996,-0.11359400729695751,2.7153891024697843,76561198039309853,enpitsu,27.0,-1475.280029296875,-1091.6600341796875,112.58000183105469,11557.19970703125,19230.899658203125,113.29999923706055,-1297.7000427246094,5265.10009765625,-918.6000061035156,128.0,0.0,,-0.8706117156553155,1.5768788395708109,1.2637107258941451,True,20,13,169.0,False,2,,bf81d8692db,games5425898691,21.0,1198.0899658203125,-1388.6300048828125,17.010000228881836,-1125.6999969482422,14966.800537109375,0.29999999329447746,-0.0,-0.5999999865889549,0.0,255.0,128.0,,-0.009594310097696105,1.4957316541934143,7.014411836999612e-05,True,38,32,137.6787266654353,True,False,,么ＯＬＹＭＰＵＳs,bbe9a7b10db,10,-2820.280029296875,3604.81005859375,16.84000015258789,-13855.999755859375,18357.80029296875,43.29999923706055,-34.30000066757202,56.30000114440918,-1834.7000122070312,255.0,0.0,False,-0.009888767019818298,0.9852081790248127,-0.0038321060613358575,False,2.824034247347108,True,32,28,False,,NGK_RL,b9ad85af2263477f92804097fd3cf807,14.0,-4078.989990234375,-359.6700134277344,520.8800048828125,3.1999999284744263,-1582.7000427246094,-7513.2000732421875,2666.099853515625,0.09999999776482582,0.0,255.0,255.0,False,-1.4115383337418592,-1.5107748476161826,-1.6300980417423359,True,40,8,54,0.0,False,
44,3472,101,False,False,1,4915.785652945616,-37.689998626708984,313.70001220703125,107.01000213623047,-14703.699951171875,29845.90087890625,7931.7999267578125,-2214.7000122070312,2948.699951171875,-4732.799987792969,1.0,1.4813404119108111,-0.6866119723037729,2.0671514534308826,bf81d8692db,games5425898691,21.0,146.60000610351562,158.6300048828125,19.469999313354492,-22302.2998046875,4786.9000244140625,2948.0999755859375,0.5999999865889549,-0.09999999776482582,18.200000524520874,255.0,93.0,,-0.009575535344020643,0.18621523021947733,-0.00021685643125155267,True,39,32,53.0,False,False,,76561198039309853,enpitsu,27.0,-194.27999877929688,1074.4599609375,16.639999389648438,12747.60009765625,17984.000244140625,68.49999904632568,-14.199999570846558,-18.50000023841858,-14.600000381469727,255.0,0.0,,-0.016553839119336704,2.187613410941421,0.0015166576507805853,True,20,14,169.0,False,2,,么ＯＬＹＭＰＵＳs,bbe9a7b10db,10,-2166.47998046875,4945.7998046875,17.610000610351562,14715.50048828125,-3232.0999145507812,-230.79999923706055,-839.5999908447266,216.00000381469727,-1705.8999633789062,255.0,89.0,False,-0.022029467836119514,-2.85651189011035,0.03298204053379731,True,255.0,False,32,28,False,,NGK_RL,b9ad85af2263477f92804097fd3cf807,14.0,-3764.8798828125,178.27000427246094,16.920000076293945,2914.5999145507812,5950.30029296875,19.90000009536743,10.499999523162842,59.29999828338623,-0.3999999910593033,128.0,128.0,False,-0.008717714377729013,2.0258042073222007,-0.0034435561768041195,True,40,8,54,0.0,False,
45,3544,104,False,False,1,4715.396254573182,-3469.340087890625,3357.090087890625,112.12000274658203,-8325.599975585938,-13185.400390625,4207.39990234375,4647.300109863281,-2642.9000854492188,-2723.3999633789062,1.0,0.302131213238153,-2.2770460206978664,-2.4610061297710257,bf81d8692db,games5425898691,21.0,-3476.139892578125,3134.9599609375,121.19000244140625,884.5999908447266,22872.7001953125,2244.7999572753906,-5444.69970703125,-770.4000091552734,105.50000190734863,255.0,162.0,,-0.032465085405313406,1.7215835776807236,-0.04835421723833275,True,42,35,84.0,False,False,,76561198039309853,enpitsu,27.0,379.7300109863281,20.56999969482422,17.059999465942383,-12839.89990234375,6527.19970703125,2.3999999463558197,-0.0,-0.0,-2138.0999755859375,255.0,128.0,,-0.016779202227926435,0.5345061233161948,-2.4366700818697e-05,True,20,14,199.0,False,2,,么ＯＬＹＭＰＵＳs,bbe9a7b10db,10,-2079.52001953125,4072.8701171875,17.010000228881836,-5217.9998779296875,-8532.80029296875,3.100000023841858,0.19999999552965164,-0.29999999329447746,-2386.4999389648438,241.0,0.0,False,-0.009515553097402433,-0.9725944145570594,-4.0458029403766395e-06,True,176.0,False,34,28,False,,NGK_RL,b9ad85af2263477f92804097fd3cf807,14.0,-2951.3701171875,871.6500244140625,39.43000030517578,2781.300048828125,16484.599609375,2840.10009765625,-205.30000686645508,28.80000114440918,1922.5999450683594,255.0,255.0,False,-0.012170675136570708,1.648182605436167,0.0005977719904397685,True,40,8,56,176.6954496599013,True,
46,3628,107,False,False,0,10177.29963152971,578.3599853515625,-4929.93994140625,1567.260009765625,-15350.999755859375,9678.499755859375,-970.6999969482422,-64.49999809265137,3623.5000610351562,-4707.9998779296875,0.0,0.9113917286272278,1.6139540649256203,-2.409955793757264,bbe9a7b10db,么ＯＬＹＭＰＵＳs,10.0,667.5599975585938,-5072.22021484375,1512.81005859375,-19900.6005859375,3718.599853515625,-1634.7999572753906,492.09999084472656,-1950.8000183105469,-150.9000015258789,235.0,5.0,True,0.17610946621756765,-3.1256167404743427,1.611439283567062,True,36,28,24.0,False,False,,b9ad85af2263477f92804097fd3cf807,NGK_RL,14.0,984.1599731445312,-5102.97998046875,286.0299987792969,-15883.699951171875,2.8999999165534973,-9912.7001953125,-1.0000000149011612,19.299999475479126,-6.9999998807907104,255.0,128.0,,0.5434957107569782,-3.1304635288834644,1.5766563120249095,True,56,42,100.0,False,8,,enpitsu,76561198039309853,27,-2452.320068359375,-2197.659912109375,17.059999465942383,-14037.80029296875,-1339.1999816894531,1.899999976158142,0.5000000074505806,0.0,-0.5000000074505806,255.0,255.0,True,0.016757058214109395,-3.046555878571212,4.613646542300636e-05,True,230.0,False,20,14,2,,games5425898691,bf81d8692db,21.0,1072.800048828125,-5100.6201171875,1553.3299560546875,-14082.60009765625,-78.69999885559082,-1432.2999572753906,242.39999771118164,-902.9000091552734,63.29999923706055,255.0,81.0,,0.09308138975278998,-3.1242572538789206,1.6628765694963106,True,36,False,42,0.0,False,
47,3680,109,True,True,1,2307.3797541627027,2173.570068359375,3218.590087890625,267.3399963378906,-15839.69970703125,21546.10107421875,-3305.5999755859375,206.10000610351562,-2900.1998901367188,-5248.4002685546875,1.0,-0.9345453540059393,-1.5623662574636683,2.507252759152267,76561198039309853,enpitsu,27.0,2359.1201171875,3042.260009765625,205.86000061035156,-14562.2998046875,6297.8997802734375,2920.5999755859375,-172.39999771118164,-1164.4000244140625,296.5999984741211,255.0,128.0,False,0.5454530515521963,0.3001030464475723,-0.0669317387585798,True,22,15,196.0,False,2,,bf81d8692db,games5425898691,21.0,1674.47998046875,5103.0,485.75,15425.6005859375,-3.8999998569488525,-9836.199951171875,1.0999999940395355,186.10000610351562,-0.7000000029802322,255.0,128.0,,-0.5652688642765257,3.130221444223946,1.5769049947122902,True,42,36,0.0,False,False,,么ＯＬＹＭＰＵＳs,bbe9a7b10db,10,2937.6298828125,4749.52001953125,999.010009765625,19063.1005859375,-2051.9000244140625,-7469.89990234375,3249.5999145507812,862.9000091552734,-1409.6000671386719,128.0,2.0,False,-0.6821221401634338,-2.455645642178188,1.0845166263609882,True,24.0,False,36,30,False,,NGK_RL,b9ad85af2263477f92804097fd3cf807,14.0,1893.489990234375,3740.06005859375,48.880001068115234,13928.199462890625,-17965.50048828125,3498.9999389648438,-397.40001678466797,-335.9000015258789,782.6999664306641,255.0,128.0,,0.003465294051703925,-2.2686424272533947,0.0013128989025374905,True,42,8,57,0.0,False,
