,frame,time,goal,is_orange,distanceToGoal,ball_pos_x,ball_pos_y,ball_pos_z,ball_vel_x,ball_vel_y,ball_vel_z,ball_ang_vel_x,ball_ang_vel_y,ball_ang_vel_z,ball_hit_team_no,ball_rot_x,ball_rot_y,ball_rot_z,shot_taker_id,shot_taker_name,shot_taker_ping,shot_taker_pos_x,shot_taker_pos_y,shot_taker_pos_z,shot_taker_vel_x,shot_taker_vel_y,shot_taker_vel_z,shot_taker_ang_vel_x,shot_taker_ang_vel_y,shot_taker_ang_vel_z,shot_taker_throttle,shot_taker_steer,shot_taker_handbrake,shot_taker_rot_x,shot_taker_rot_y,shot_taker_rot_z,shot_taker_ball_cam,shot_taker_jump_active,shot_taker_dodge_active,shot_taker_double_jump_active,shot_taker_boost,shot_taker_boost_active,shot_taker_boost_collect,team_mate_id,team_mate_name,team_mate_ping,team_mate_pos_x,team_mate_pos_y,team_mate_pos_z,team_mate_vel_x,team_mate_vel_y,team_mate_vel_z,team_mate_ang_vel_x,team_mate_ang_vel_y,team_mate_ang_vel_z,team_mate_throttle,team_mate_steer,team_mate_rot_x,team_mate_rot_y,team_mate_rot_z,team_mate_ball_cam,team_mate_boost,team_mate_boost_active,team_mate_jump_active,team_mate_dodge_active,team_mate_double_jump_active,team_mate_boost_collect,opp_1_name,opp_1_id,opp_1_ping,opp_1_pos_x,opp_1_pos_y,opp_1_pos_z,opp_1_vel_x,opp_1_vel_y,opp_1_vel_z,opp_1_ang_vel_x,opp_1_ang_vel_y,opp_1_ang_vel_z,opp_1_throttle,opp_1_steer,opp_1_handbrake,opp_1_rot_x,opp_1_rot_y,opp_1_rot_z,opp_1_ball_cam,opp_1_jump_active,opp_1_double_jump_active,opp_1_dodge_active,opp_1_boost,opp_1_boost_active,opp_1_boost_collect,opp_2_name,opp_2_id,opp_2_ping,opp_2_pos_x,opp_2_pos_y,opp_2_pos_z,opp_2_vel_x,opp_2_vel_y,opp_2_vel_z,opp_2_ang_vel_x,opp_2_ang_vel_y,opp_2_ang_vel_z,opp_2_throttle,opp_2_steer,opp_2_handbrake,opp_2_rot_x,opp_2_rot_y,opp_2_rot_z,opp_2_ball_cam,opp_2_boost,opp_2_boost_active,opp_2_jump_active,opp_2_dodge_active,opp_2_double_jump_active,opp_2_boost_collect,team_mate_handbrake
0,174,0,False,1,5036.43698560542,21.93000030517578,179.99000549316406,103.66000366210938,3232.7999877929688,28545.30029296875,1611.6999816894531,-3889.2001342773438,913.7000274658203,-4476.400146484375,1.0,0.02038856318761829,0.31395686203060436,0.2740809005995263,6027801658609308162,i_Lewis10_i,8.0,-2.440000057220459,-105.66000366210938,78.5,4642.5,22383.798828125,2532.2000122070312,793.8999938964844,-2110.0,3468.2000732421875,230.0,128.0,,0.028971765025205164,1.7889207661519142,-0.1544755061548281,True,6,5,False,22.925617056508216,True,,2535418108134538,Duff On Ket,7.0,-0.6399999856948853,-2124.0,46.130001068115234,-0.0,15709.000244140625,-2677.60009765625,-1632.5999450683594,-53.29999923706055,37.10000038146973,255.0,128.0,0.17750902617089181,1.553350718500509,0.008558587510635152,True,116.0,False,4,4,False,,enpitsu,76561198039309853,24,-0.0,3033.570068359375,17.049999237060547,-0.0,-6724.000244140625,2.5999999046325684,-1.0000000149011612,-0.0,0.0,255.0,255.0,,-0.016792554048664296,-1.5707752440494527,-2.3623645329238e-07,True,False,False,False,116.0,False,,games5425898691,bf81d8692db,18.0,-0.8600000143051147,496.3399963378906,70.79000091552734,-26.90000057220459,-22800.70068359375,2912.0001220703125,4777.699890136719,-13.09999942779541,-15.700000524520874,128.0,128.0,,-0.13161095167109377,-1.5675304955635394,-0.00010053189716040696,True,31.0,False,4,3,False,,
1,522,12,True,0,3486.5050624543114,1262.9200439453125,2402.340087890625,123.91999816894531,-5195.5999755859375,23574.69970703125,5629.69970703125,108.50000381469727,-1804.4999694824219,5721.099853515625,0.0,0.6972010252623194,0.8826306060287763,2.046673227800473,76561198039309853,enpitsu,24.0,1210.97998046875,2200.840087890625,45.95000076293945,14415.30029296875,11908.00048828125,3228.0999755859375,6.600000262260437,9.300000071525574,2318.5000610351562,128.0,255.0,False,0.016984828151585276,0.8602027355364028,0.00035458481545138065,True,4,2,False,156.0,False,,bf81d8692db,games5425898691,19.0,-1753.030029296875,4075.60009765625,16.989999771118164,-22530.90087890625,1229.1999816894531,4.4999998807907104,1.0000000149011612,-0.09999999776482582,-126.99999809265137,255.0,128.0,0.009585953035763525,3.0720553579487064,0.0001254127516233372,True,31.0,False,10,10,False,,Duff On Ket,2535418108134538,6,171.1199951171875,484.3699951171875,17.010000228881836,992.0999908447266,18166.400146484375,1.899999976158142,0.0,0.3999999910593033,0.0,254.0,128.0,,0.009600279414012524,1.5162423686723188,-4.059689710071899e-05,True,8,False,6,24.0,False,,i_Lewis10_i,6027801658609308162,7.0,3275.280029296875,4763.2001953125,263.6000061035156,-12232.099609375,12130.999755859375,-1329.4000244140625,-192.00000762939453,186.20000839233398,-15.700000524520874,255.0,128.0,False,0.06384151596432319,2.3477003720382745,-1.536582424565729,True,176.0,False,12,12,False,,
2,887,16,True,0,3610.6980192441238,1509.4599609375,2447.25,141.77999877929688,-13613.499755859375,22238.60107421875,876.9999694824219,-234.50000762939453,-5952.39990234375,716.6000366210938,0.0,0.7172359112042974,1.0340104590324657,-0.5929627229803978,bf81d8692db,games5425898691,19.0,1489.6500244140625,2293.5,19.479999542236328,10452.2998046875,9358.900146484375,2958.9999389648438,8.100000023841858,6.299999952316284,713.7000274658203,255.0,255.0,,0.009580491283457133,0.6941651328884701,0.00027005189447317754,True,5,4,False,0.0,False,,76561198039309853,enpitsu,24.0,109.6500015258789,-38.95000076293945,17.049999237060547,842.9000091552734,14053.299560546875,2.8999999165534973,0.19999999552965164,5.799999833106995,537.7000045776367,255.0,128.0,0.016761529893579506,1.5020263569085723,0.00014096738805057763,True,177.0,False,False,False,False,,Duff On Ket,2535418108134538,7,2377.64990234375,2786.570068359375,251.5399932861328,9951.300048828125,15009.89990234375,1231.6000366210938,2697.39990234375,-2625.8999633789062,-262.5,254.0,128.0,,-0.5762626384382777,-2.2975820779640057,-2.7697905164642176,True,4,False,False,77.0,False,,i_Lewis10_i,6027801658609308162,6.0,3989.169921875,189.3699951171875,77.98999786376953,13816.500244140625,10367.099609375,1014.7000122070312,-4848.399963378906,-503.10001373291016,-2547.4000549316406,246.0,255.0,,-0.6453119828497696,0.8653387769701024,-0.18719571702578766,True,255.0,False,8,8,False,,False
3,1233,20,False,1,4802.033108139837,1504.3699951171875,376.6600036621094,96.1500015258789,-7845.999755859375,25612.39990234375,1088.3000183105469,-102.60000228881836,3298.2000732421875,5011.099853515625,1.0,-0.7624150108458818,-0.940897069763571,0.06496572614547132,6027801658609308162,i_Lewis10_i,7.0,1591.0899658203125,136.9499969482422,62.83000183105469,2344.2999267578125,22700.0,2802.9998779296875,-3515.10009765625,-3365.0,-0.09999999776482582,102.0,245.0,,-0.0631171152627125,1.9800502063921765,-0.14578963809194978,True,4,3,False,26.0,False,,2535418108134538,Duff On Ket,6.0,102.69999694824219,218.1999969482422,17.010000228881836,8874.400024414062,1246.3999938964844,2.3999999463558197,-0.0,0.09999999776482582,-2488.8999938964844,255.0,0.0,-0.00952263609141434,3.042896502454505,3.844699882363553e-07,True,0.0,False,4,4,False,,enpitsu,76561198039309853,24,1280.3699951171875,726.47998046875,114.13999938964844,14501.300048828125,-980.4000091552734,2155.500030517578,3317.39990234375,4183.900146484375,-1318.6000061035156,255.0,0.0,,-0.7270510601453937,2.8832306794358633,0.5985694842269794,True,4,False,3,0.0,False,,games5425898691,bf81d8692db,19.0,1618.550048828125,4784.31982421875,17.010000228881836,-16218.399658203125,-2622.2000122070312,2.3000000417232513,0.29999999329447746,-0.09999999776482582,1960.3999328613281,128.0,255.0,,-0.009625026649985536,-0.2295759001077989,2.9035202115066707e-05,True,242.0,False,False,False,False,,
4,1307,22,True,0,4769.414980785168,-1811.010009765625,459.17999267578125,95.72000122070312,7664.4000244140625,23440.50048828125,4858.800048828125,2353.2000732421875,1366.1000061035156,-5347.5,0.0,0.7086126832735777,-0.4796060132007156,0.1492392083560826,bf81d8692db,games5425898691,19.0,-1831.75,199.97999572753906,17.010000228881836,-6797.7001953125,21972.5,-0.09999999776482582,1.5999999642372131,-3.700000047683716,1336.6000366210938,255.0,128.0,,0.00961382851706537,1.9389264607934016,-3.3892589104626565e-05,True,False,False,False,131.50504956194152,True,,76561198039309853,enpitsu,24.0,-3951.7099609375,-2012.260009765625,49.900001525878906,2554.2999267578125,4202.900085449219,-1376.300048828125,100.39999961853027,-1180.4000091552734,21.500000953674316,255.0,128.0,0.26115852571930454,1.0170192329068541,0.44550064527558947,True,,False,4,4,False,,Duff On Ket,2535418108134538,7,-2207.409912109375,447.04998779296875,17.0,-2178.000030517578,6538.499755859375,3.6000001430511475,-0.19999999552965164,0.0,-2426.199951171875,255.0,0.0,,0.009495991991295595,1.889738545170545,-4.137225678464504e-05,True,4,False,4,22.0,False,,i_Lewis10_i,6027801658609308162,7.0,-3113.969970703125,-526.510009765625,17.010000228881836,-10561.99951171875,9281.799926757812,2.0999999344348907,3.4999999403953552,-2.7000001072883606,942.7999877929688,255.0,128.0,,0.009595508864632367,2.466934781014707,-9.586568178404681e-06,True,,False,4,4,False,,
5,1770,30,False,1,3705.507054093742,-2282.530029296875,3235.340087890625,1075.3199462890625,16439.7998046875,16868.800048828125,-2394.600067138672,-2401.999969482422,-3478.0999755859375,359.00001525878906,1.0,0.22231920501891378,1.7543637436011847,-2.172154317542381,6027801658609308162,i_Lewis10_i,7.0,-2432.030029296875,3147.10009765625,1034.469970703125,14930.699462890625,15443.699951171875,-2208.9999389648438,-5304.2999267578125,-71.30000114440918,-1452.1000671386719,241.0,238.0,True,0.50835241829511,2.8877909568274323,-1.8179664895362202,True,4,False,False,119.12196977164159,True,,2535418108134538,Duff On Ket,7.0,-3457.800048828125,-4266.830078125,19.059999465942383,-17078.800048828125,-6491.7999267578125,1103.499984741211,-2724.7000122070312,2959.4000244140625,-2068.2000732421875,255.0,0.0,0.05992640704196814,-0.29682342818861784,0.035686579702470654,True,255.0,False,6,6,False,,enpitsu,76561198039309853,24,-2588.93994140625,4762.7998046875,17.049999237060547,13780.30029296875,10983.599853515625,2.8999999165534973,3.8999998569488525,3.1999999284744263,-1628.3999633789062,255.0,128.0,False,-0.016750713628848085,2.528173915050954,-5.4025308041468105e-05,True,2,False,2,255.0,False,,games5425898691,bf81d8692db,19.0,-196.42999267578125,5158.85986328125,27.079999923706055,-4507.200012207031,-3016.6000366210938,3079.5001220703125,3.100000023841858,-4.799999892711639,137.60000228881836,128.0,128.0,,-0.009903069653520426,-0.6126342764300732,-0.00020062549235109144,True,225.0,False,3,False,False,,
6,1798,31,False,1,1659.669425738825,-736.030029296875,4838.3701171875,675.4400024414062,7767.2998046875,25472.900390625,7232.8997802734375,5146.400146484375,770.1999664306641,2986.7999267578125,1.0,-0.21034984330193512,2.41055804758678,0.3247091874857885,6027801658609308162,i_Lewis10_i,7.0,-833.989990234375,4542.47998046875,658.8200073242188,17114.69970703125,14129.89990234375,-6035.5999755859375,-2152.899932861328,-5057.0001220703125,-202.99999237060547,243.0,113.0,True,0.4579201211537629,2.063214656317881,-0.8497818703961292,True,4,False,False,59.42397401922492,True,,2535418108134538,Duff On Ket,7.0,-4062.389892578125,-3316.6201171875,173.4199981689453,2889.7000122070312,10803.399658203125,-9170.599975585938,-459.50000762939453,-4368.999938964844,331.8000030517578,254.0,128.0,-0.7099941552233483,1.9146100808793167,1.1173217687078578,True,255.0,False,6,6,False,,enpitsu,76561198039309853,24,-874.2999877929688,5103.240234375,285.7900085449219,20570.0,154.20000076293945,3988.0999755859375,-95.50000190734863,158.59999656677246,466.89998626708984,255.0,255.0,False,0.20852072318245787,3.1147087936911793,1.5657042394994907,True,2,False,3,203.0,False,,games5425898691,bf81d8692db,19.0,-811.239990234375,4844.0,438.0,-8446.799926757812,2198.300018310547,3193.3999633789062,4228.999938964844,-3339.5999145507812,-1100.6999969482422,255.0,155.0,,1.458651330708804,-0.06529704883883197,0.469504654798844,True,152.92479133093224,True,4,3,False,,
7,3076,78,True,0,448.96036950617344,-1248.219970703125,4861.60009765625,95.91000366210938,14034.000244140625,4708.500061035156,2432.7000427246094,1067.2000122070312,2817.9998779296875,5188.3001708984375,0.0,0.1787971118615686,-2.0897929783763627,-3.031320644155255,76561198039309853,enpitsu,24.0,-1373.0899658203125,4759.81005859375,19.280000686645508,13503.599853515625,-637.9000091552734,2671.300048828125,378.8999938964844,216.70000076293945,119.0999984741211,128.0,255.0,False,0.018745000605957657,-0.05824888073529988,0.0033561583117861058,True,18,19,False,0.0,False,,bf81d8692db,games5425898691,19.0,-36.130001068115234,4109.89990234375,17.010000228881836,10581.800537109375,14076.500244140625,2.3000000417232513,-1.8000000715255737,0.0,1698.800048828125,0.0,255.0,0.009857377970392406,0.9863142601300949,8.580823450224784e-05,True,190.0,False,6,6,False,,Duff On Ket,2535418108134538,7,-1886.8800048828125,4772.10009765625,16.989999771118164,16735.699462890625,10904.100341796875,2.199999988079071,-0.29999999329447746,0.0,-136.40000343322754,255.0,101.0,,0.00958365319670225,0.5783797640521189,-6.978173235415142e-05,True,16,False,14,176.5284730157544,True,,i_Lewis10_i,6027801658609308162,6.0,1478.56005859375,3494.530029296875,16.850000381469727,-13980.30029296875,18125.699462890625,37.00000047683716,9.900000095367432,15.0,85.60000419616699,216.0,128.0,False,0.010574485024004527,2.23766972959767,-0.00034209313230446954,True,139.0,False,20,16,False,,
8,3357,78,False,0,5204.2667120034785,-0.7099999785423279,13.319999694824219,98.08000183105469,1991.6999816894531,23966.39892578125,7706.5997314453125,5991.5997314453125,317.00000762939453,1.4000000059604645,0.0,0.0034233896428139555,0.00012675761414259251,0.06457122582653259,76561198039309853,enpitsu,24.0,-22.920000076293945,-135.32000732421875,16.15999984741211,-1411.6000366210938,18148.499755859375,-784.1999816894531,413.1999969482422,3417.0999145507812,-3853.9999389648438,128.0,128.0,,0.012661836773537685,1.5914992332647135,0.029248134152864643,True,False,False,False,22.0,False,,bf81d8692db,games5425898691,19.0,2866.0400390625,-4107.14990234375,17.010000228881836,19760.899658203125,-1154.5999908447266,2.3000000417232513,-0.19999999552965164,0.09999999776482582,1990.2999877929688,255.0,255.0,0.009575884385358986,0.015823413837200248,2.720851449181565e-05,True,0.0,False,False,False,False,50.0,Duff On Ket,2535418108134538,6,-15.300000190734863,2878.2900390625,17.010000228881836,-555.6000137329102,-1631.0000610351562,2.0999999344348907,0.7000000029802322,-0.09999999776482582,0.0,128.0,128.0,,0.00959139190490514,-1.899135406163889,1.1899983270203203e-05,,False,False,False,116.0,False,,i_Lewis10_i,6027801658609308162,7.0,0.0,4891.56982421875,17.010000228881836,0.0,2042.8999328613281,2.0999999344348907,-0.7000000029802322,0.0,0.0,128.0,,,0.009605445130296007,-1.5707888441012139,3.643707061766433e-08,True,116.0,False,False,False,False,,
9,4407,117,False,0,2053.445617283367,-12.199999809265137,3286.47998046875,196.75,-3925.4998779296875,14655.10009765625,-1068.0000305175781,-2423.5000610351562,-2509.7000122070312,-4881.300048828125,0.0,0.9468359776592463,0.04207247774791719,-2.6666871078096235,76561198039309853,enpitsu,24.0,6.519999980926514,3091.449951171875,204.38999938964844,-17171.300048828125,11245.30029296875,1904.9000549316406,-228.89999389648438,-5452.8997802734375,-680.2999877929688,255.0,128.0,False,0.15586485370372988,2.20882177134689,-0.4472078123862093,True,14,11,False,0.0,False,,bf81d8692db,games5425898691,19.0,3514.6201171875,762.8599853515625,69.52999877929688,478.8999938964844,-20567.2998046875,-1625.5999755859375,2558.000030517578,689.4999694824219,106.89999580383301,255.0,128.0,-0.589935808592603,-1.3846902521716786,0.07687705832506073,True,50.0,False,18,18,False,,Duff On Ket,2535418108134538,7,1178.9200439453125,3358.919921875,17.010000228881836,-14022.2998046875,469.59999084472656,2.3000000417232513,-1.1999999731779099,-0.19999999552965164,-1917.2999572753906,255.0,0.0,,0.009552920030305573,3.073619246591097,-0.00020064635203788806,,20,False,14,0.0,False,,i_Lewis10_i,6027801658609308162,6.0,-225.50999450683594,3628.60009765625,107.04000091552734,8595.0,-5763.599853515625,3109.4000244140625,-3858.3999633789062,3914.1000366210938,203.89999389648438,151.0,255.0,False,-0.21605811424755655,-0.8364407411918858,-0.21214659762137517,True,171.2104947054258,True,16,15,False,,
10,4837,132,True,0,1126.8593529853463,50.4900016784668,4528.47021484375,181.22000122070312,-15616.800537109375,11898.900146484375,5902.1002197265625,1898.699951171875,2762.60009765625,4976.199951171875,0.0,-0.1216575496891393,1.6913005818631168,2.8509544775744358,76561198039309853,enpitsu,24.0,224.4600067138672,4430.009765625,160.0399932861328,-2297.4000549316406,17992.7001953125,2394.9000549316406,-309.50000762939453,-5383.699951171875,-1081.500015258789,,255.0,,0.07089449745592186,1.7468619234443448,-0.8266261291554886,True,22,19,False,9.0,False,,bf81d8692db,games5425898691,19.0,-243.24000549316406,4515.56005859375,16.989999771118164,17579.000244140625,-7710.3997802734375,2.199999988079071,-0.7000000029802322,0.19999999552965164,-37.200000286102295,255.0,128.0,0.009595588450879386,-0.4181924564613136,7.605955048386231e-05,True,226.8388645879684,True,20,20,False,,Duff On Ket,2535418108134538,7,-232.72000122070312,5014.43017578125,106.5,17986.600341796875,-2485.2000427246094,-5952.80029296875,-454.3000030517578,-428.8999938964844,-1620.5999755859375,255.0,128.0,,0.17329095633953023,-0.25644180745065037,1.4730158862776614,,24,4,18,,False,,i_Lewis10_i,6027801658609308162,7.0,-550.27001953125,4100.18017578125,17.010000228881836,20175.10009765625,5736.5997314453125,1.899999976158142,-1.0000000149011612,-0.09999999776482582,-185.10000228881836,255.0,129.0,,0.009590430423594367,0.2546304680435636,0.00015619851654728492,True,18.0,False,24,22,False,,
11,5115,133,False,0,5131.685999381603,1.4600000381469727,87.4000015258789,107.36000061035156,165.9000015258789,22871.39892578125,3587.0999145507812,5980.0,-477.99999237060547,-100.69999694824219,0.0,-0.02242507845320967,-0.008297536311091197,0.2937886968406292,bf81d8692db,games5425898691,19.0,12.729999542236328,-64.68000030517578,87.51000213623047,1656.1000061035156,21101.39892578125,289.4000053405762,-5485.999755859375,116.89999580383301,373.10001373291016,255.0,137.0,,1.2735860668441563,1.485429756960948,-0.06525003158448481,True,4,3,False,22.0,False,,76561198039309853,enpitsu,24.0,0.0,-4608.0,16.56999969482422,0.0,0.0,75.70000171661377,6.000000238418579,0.0,0.0,,,0.017250334293749916,1.5707791403025855,-2.076134852039505e-07,True,85.0,False,False,False,False,,Duff On Ket,2535418108134538,7,0.0,2957.6201171875,17.010000228881836,0.0,-1816.9999694824219,2.0999999344348907,0.7000000029802322,0.0,0.0,1.0,,,0.009895365469755685,-1.5708025648784991,-3.04466333963137e-08,True,4,False,False,116.0,False,,i_Lewis10_i,6027801658609308162,6.0,-76.30000305175781,635.1699829101562,227.50999450683594,5224.7998046875,-22256.8994140625,-154.0999984741211,-2428.9999389648438,2882.5,4005.0,84.0,214.0,False,0.35249291461128573,-0.3024482633467273,0.9196625109564213,True,9.0,False,4,3,False,,
12,6082,168,True,0,1322.0341550754647,426.0199890136719,5133.8798828125,316.1600036621094,-13586.099853515625,33918.20068359375,695.8999633789062,-19.40000057220459,1758.5000610351562,5736.400146484375,0.0,1.064144544757108,3.043827059362301,3.0552308134770216,76561198039309853,enpitsu,24.0,402.8599853515625,4851.33984375,295.4200134277344,-6120.4998779296875,19082.19970703125,797.3000335693359,1363.0000305175781,5017.39990234375,1793.699951171875,255.0,0.0,,0.21815940832574698,0.803298556600706,0.9390900300169776,True,10,9,False,123.0,False,,bf81d8692db,games5425898691,19.0,3298.179931640625,3631.1298828125,17.010000228881836,-10031.799926757812,2379.9000549316406,2.0999999344348907,0.5000000074505806,0.0,-219.79999542236328,255.0,128.0,0.0095568002046053,2.88475539646541,0.00016391824051036877,True,174.0,False,18,16,False,,Duff On Ket,2535418108134538,7,591.239990234375,5087.35986328125,222.1999969482422,-17858.699951171875,12260.899658203125,-188.89999389648438,-1998.0000305175781,-5032.0001220703125,967.5,254.0,194.0,,0.9292755957090616,-0.5386292731733214,2.905263685927274,,16,False,11,,False,,i_Lewis10_i,6027801658609308162,6.0,1864.9000244140625,3090.72998046875,17.0,-21955.70068359375,5895.7000732421875,0.9000000357627869,-0.5999999865889549,0.0,99.49999809265137,255.0,128.0,,0.009585396414401854,2.8905952447469447,-9.460679993123041e-05,True,125.5138581491286,True,16,12,4,,
13,6763,184,False,1,949.159440464873,545.3400268554688,4257.990234375,123.04000091552734,-3953.9999389648438,10085.499877929688,-3474.5001220703125,-189.50000762939453,1417.7000427246094,5827.0001220703125,1.0,-0.3354674271404798,2.718781601484845,2.67278749473259,6027801658609308162,i_Lewis10_i,6.0,630.760009765625,4150.009765625,153.77000427246094,1426.199951171875,12543.800048828125,1129.4999694824219,-3850.4998779296875,-3764.2999267578125,-1119.1000366210938,129.0,247.0,False,-0.1888201170025535,2.2523730108233724,-1.5021214369598361,True,12,11,False,130.0,False,,2535418108134538,Duff On Ket,7.0,710.8200073242188,4147.919921875,61.900001525878906,4426.099853515625,6356.400146484375,3022.7999877929688,-1765.2999877929688,-1377.2000122070312,3072.6998901367188,128.0,255.0,0.0074745720585527795,2.7252667757546094,-0.018468060443981017,False,,False,8,5,False,,enpitsu,76561198039309853,24,-502.94000244140625,4524.490234375,17.020000457763672,10542.80029296875,5620.30029296875,2.199999988079071,0.5000000074505806,0.7000000029802322,3.799999952316284,255.0,128.0,,-0.016684081933276213,2.651292079968759,-6.908249723808634e-05,True,4,2,2,0.0,False,,games5425898691,bf81d8692db,19.0,954.3300170898438,3612.530029296875,17.010000228881836,1612.5,4972.0001220703125,2.199999988079071,-0.0,0.5000000074505806,-2185.500030517578,255.0,0.0,,-0.009483666333384594,1.8424395595563752,-7.941327715492105e-05,True,31.0,False,8,8,False,,
14,7587,214,False,1,3380.7033352157396,-596.6699829101562,2106.669921875,99.06999969482422,1531.9000244140625,22485.400390625,1061.3999938964844,-753.7000274658203,390.2000045776367,1925.5000305175781,1.0,0.6739067597335293,0.5707302123138062,2.125885652585526,2535418108134538,Duff On Ket,7.0,-628.77001953125,1906.949951171875,95.31999969482422,361.8000030517578,16156.099853515625,2732.2000122070312,-5419.4000244140625,651.9000244140625,-674.3000030517578,255.0,126.0,,-0.6923741125493817,1.6546284024147817,0.041667496268659975,,18,15,False,0.0,False,,6027801658609308162,i_Lewis10_i,6.0,219.77000427246094,2489.14990234375,17.010000228881836,1621.6000366210938,13421.500244140625,2.0999999344348907,-0.09999999776482582,-1.5999999642372131,207.00000762939453,229.0,128.0,-0.009581729229893714,1.6889228068086068,9.069047841842617e-05,True,114.0,False,20,18,False,,enpitsu,76561198039309853,24,660.4400024414062,2206.510009765625,103.6500015258789,-5595.0,22214.09912109375,-146.899995803833,-3599.2999267578125,-4102.39990234375,681.1000061035156,255.0,255.0,,-0.8479227735600217,2.4212083862190736,-1.8265532052563056,True,18,2,15,,False,,games5425898691,bf81d8692db,19.0,362.1199951171875,-23.010000228881836,62.47999954223633,884.3000030517578,22816.8994140625,-1574.9000549316406,-2720.4998779296875,8.299999833106995,3.8999998569488525,255.0,128.0,,0.606017951183043,1.5752000780298485,0.0017364962944133467,True,43.0,False,16,16,False,,
15,7623,215,True,1,1336.760474320319,-408.1600036621094,4846.580078125,93.1500015258789,1327.8999328613281,19044.100341796875,0.0,-5819.7998046875,560.9999847412109,1346.7999267578125,1.0,-0.010567509856551397,-0.06816334473342006,0.9699583745551417,6027801658609308162,i_Lewis10_i,6.0,-368.7200012207031,4655.2001953125,90.72000122070312,-5952.80029296875,22138.40087890625,1858.5000610351562,-5356.6998291015625,1183.3999633789062,392.90000915527344,128.0,52.0,,-0.6106815854339623,1.0186790095454918,0.5707037997009711,True,22,19,False,32.45402986772599,True,,2535418108134538,Duff On Ket,7.0,-568.1400146484375,3934.090087890625,16.84000015258789,1031.2000274658203,16127.19970703125,40.50000190734863,11.90000057220459,-6.200000047683716,17.200000286102295,255.0,128.0,-0.010290329828681397,1.6326731821193359,0.00027691438204462495,,0.0,False,18,16,False,,enpitsu,76561198039309853,24,-101.87999725341797,4980.0,49.150001525878906,-10789.300537109375,18100.0,3421.7001342773438,-9.100000262260437,8.899999856948853,2420.0999450683594,128.0,255.0,,-0.017003495289561302,0.8378163574552203,0.0004545318654366911,True,20,2,17,31.0,False,,games5425898691,bf81d8692db,19.0,390.3500061035156,3057.85009765625,16.989999771118164,-1369.7000122070312,22931.4990234375,4.399999976158142,-0.0,-0.0,0.09999999776482582,255.0,128.0,,-0.009595021888503849,1.5110927241246237,-1.879912422101381e-05,True,0.0,False,16,16,False,,
16,9071,249,True,1,1809.9242006424718,-499.3800048828125,3987.2900390625,353.82000732421875,4878.0999755859375,11068.599853515625,5407.1002197265625,8.199999928474426,-774.8999786376953,5711.400146484375,1.0,0.28238098772770354,-0.7881980723416944,1.3631278734749843,2535418108134538,Duff On Ket,7.0,-532.3200073242188,3795.75,200.07000732421875,13845.799560546875,8940.700073242188,2590.7000732421875,538.4000015258789,-1759.2999267578125,871.8000030517578,254.0,128.0,,0.8715899625912175,2.245582487248739,-0.21874946846647575,,6,4,False,68.0,False,,6027801658609308162,i_Lewis10_i,7.0,92.72000122070312,4154.5400390625,17.010000228881836,17397.900390625,-177.90000915527344,2.3999999463558197,1.0000000149011612,0.29999999329447746,-1788.9999389648438,226.0,0.0,-0.009554118726619805,-3.0836483210864865,-0.00014195501804987706,True,180.0,False,4,4,False,,enpitsu,76561198039309853,24,-628.4099731445312,3881.889892578125,175.3300018310547,9940.2001953125,-1121.9999694824219,3207.2000122070312,2384.9000549316406,-4955.5999755859375,60.79999923706055,0.0,0.0,,0.8061144786927331,2.681473296981778,-0.03357162904705232,True,4,False,3,113.0,False,,games5425898691,bf81d8692db,19.0,-843.780029296875,5938.52978515625,171.64999389648438,1336.9000244140625,-1185.999984741211,-4051.7001342773438,-1046.6000366210938,-3178.699951171875,-416.19998931884766,255.0,255.0,,-1.1757074055944243,-2.251044970587296,-0.009304489454736102,True,243.0,False,6,4,False,,
17,9363,250,False,1,5176.510175346731,-4.179999828338623,42.36000061035156,95.58000183105469,-3550.0,31544.29931640625,2609.5999145507812,-2890.1998901367188,-158.69999885559082,-1118.3000183105469,1.0,-0.0031076760801586932,0.018569972950279706,0.04814824545207671,2535418108134538,Duff On Ket,6.0,21.829999923706055,-168.10000610351562,63.630001068115234,-74.20000076293945,22858.1005859375,2537.2999572753906,-4573.500061035156,-216.20000839233398,343.49998474121094,255.0,128.0,,-0.10984722834885995,1.5163007781082039,0.0004896966566757698,False,4,3,False,14.0,False,,6027801658609308162,i_Lewis10_i,6.0,16.850000381469727,-2209.6298828125,17.010000228881836,633.1999969482422,13584.599609375,2.0999999344348907,-0.0,0.09999999776482582,-2.199999988079071,255.0,128.0,-0.009562048227460694,1.6177436433353,-1.0814860833843073e-05,True,116.0,False,4,4,False,,enpitsu,76561198039309853,24,11.109999656677246,162.75999450683594,108.58999633789062,428.4000015258789,-22900.90087890625,194.0999984741211,5495.10009765625,229.69999313354492,7.200000286102295,255.0,128.0,,-1.3650612469754149,-1.6190382026045953,0.006520141414197904,True,2,False,1,31.0,False,,games5425898691,bf81d8692db,19.0,-2850.489990234375,3892.300048828125,17.010000228881836,-19397.5,-3045.8999633789062,2.199999988079071,0.9000000357627869,-0.0,1365.8000183105469,255.0,195.0,,-0.00958450277185517,-0.21895647902557278,-4.8237353751118045e-05,True,0.0,False,False,False,False,,
18,9607,259,False,0,2198.708438950582,-1369.219970703125,2992.820068359375,214.63999938964844,10328.900146484375,16968.499755859375,-9897.60009765625,-4527.699890136719,3931.400146484375,208.29999923706055,0.0,1.382635261026602,-1.5741815962705588,-2.6687220438978647,76561198039309853,enpitsu,24.0,-1499.18994140625,2840.77001953125,289.9800109863281,8967.000122070312,11257.099609375,1439.6000671386719,-4647.0001220703125,2908.3999633789062,442.00000762939453,255.0,255.0,False,0.23393603776736466,0.18283577829429595,-0.19116991678991788,True,4,3,False,0.0,False,,bf81d8692db,games5425898691,19.0,1842.530029296875,1715.010009765625,17.010000228881836,-13990.999755859375,-4362.099914550781,2.3999999463558197,0.09999999776482582,0.0,-2080.800018310547,255.0,0.0,0.009575126499619852,-2.9060529168193012,1.9252430574159926e-05,True,181.0,False,6,6,False,,Duff On Ket,2535418108134538,7,-1589.280029296875,3406.110107421875,131.91000366210938,18404.7998046875,-4005.1998901367188,3664.5999145507812,-62.39999771118164,244.89999771118164,536.6999816894531,254.0,27.0,,-0.04988474498710709,0.12398975217135391,-0.006530561334826636,False,8,False,6,146.0,False,,i_Lewis10_i,6027801658609308162,6.0,-1058.8499755859375,4691.5400390625,16.989999771118164,4053.3999633789062,-6335.4998779296875,2.8999999165534973,-2.199999988079071,1.5999999642372131,2393.000030517578,255.0,255.0,,0.009598542113920127,-1.001040961720889,0.00017947045008301674,True,169.1841119771363,True,6,6,False,,
19,9636,260,False,0,3134.7486611534773,420.3999938964844,2295.050048828125,116.68000030517578,-3400.7998657226562,14216.300048828125,9341.900024414062,1184.4000244140625,4189.599914550781,-4128.399963378906,0.0,0.7644326616065745,-1.8537277336960154,-2.5701869099964942,bf81d8692db,games5425898691,19.0,563.9500122070312,2149.639892578125,17.010000228881836,-12182.099609375,1435.7000732421875,2.0999999344348907,1.4000000059604645,-0.3999999910593033,354.7999954223633,128.0,128.0,,0.00961558974770524,3.04862130579949,-6.386365579144938e-05,True,6,6,False,181.0,False,,76561198039309853,enpitsu,24.0,-701.3099975585938,3802.72998046875,207.39999389648438,7542.7001953125,8967.899780273438,-3331.300048828125,-605.6999969482422,609.5999908447266,409.70001220703125,128.0,128.0,-0.28580684109606735,0.15408816459194685,0.5827526707840052,True,0.0,False,4,4,False,,Duff On Ket,2535418108134538,7,592.8099975585938,2755.52001953125,135.1199951171875,20740.70068359375,-5814.69970703125,-2421.199951171875,1092.300033569336,1095.999984741211,-819.5999908447266,255.0,128.0,,-0.46717577757690626,0.013942305035481224,-0.22570254617050323,False,8,False,8,146.0,False,,i_Lewis10_i,6027801658609308162,6.0,108.55999755859375,4322.93017578125,16.989999771118164,8531.400146484375,-1040.8999633789062,5.0,-0.29999999329447746,-2.0999999344348907,1802.5999450683594,128.0,255.0,,0.009792385672830216,-0.12487985793310183,0.0002255995630579237,True,162.0,False,6,6,False,,False
